PassengerId,Fare,Embarked,Pclass,Parch,TicketChars,CabinChar,CabinMulti,FareRounded,Name,Sex,Age,SibSp,NamePrefix,NameSecondary,NameMultiple,Survived
667,13.0,S,2,0,,N,1,13.0,"Butler, Mr. Reginald Fenton",male,25.0,0,Mr,,0,0
668,7.775,S,3,0,,N,1,8.0,"Rommetvedt, Mr. Knud Paust",male,,0,Mr,,0,0
669,8.05,S,3,0,A,N,1,8.0,"Cook, Mr. Jacob",male,43.0,0,Mr,,0,0
670,52.0,S,1,0,,C,1,52.0,"Taylor, Mrs. Elmer Zebley (Juliet Cummins Wright)",female,,1,Mrs,Juliet Cummins Wright,1,1
671,39.0,S,2,1,,N,1,39.0,"Brown, Mrs. Thomas William Solomon (Elizabeth Catherine Ford)",female,40.0,1,Mrs,Elizabeth Catherine Ford,1,1
672,52.0,S,1,0,F,B,1,52.0,"Davidson, Mr. Thornton",male,31.0,1,Mr,,0,0
673,10.5,S,2,0,C,N,1,11.0,"Mitchell, Mr. Henry Michael",male,70.0,0,Mr,,0,0
674,13.0,S,2,0,,N,1,13.0,"Wilhelms, Mr. Charles",male,31.0,0,Mr,,0,1
675,0.0,S,2,0,,N,1,0.0,"Watson, Mr. Ennis Hastings",male,,0,Mr,,0,0
676,7.775,S,3,0,,N,1,8.0,"Edvardsson, Mr. Gustaf Hjalmar",male,18.0,0,Mr,,0,0
677,8.05,S,3,0,,N,1,8.0,"Sawyer, Mr. Frederick Charles",male,24.5,0,Mr,,0,0
678,9.8417,S,3,0,,N,1,10.0,"Turja, Miss. Anna Sofia",female,18.0,0,Miss,,0,1
679,46.9,S,3,6,CA,N,1,47.0,"Goodwin, Mrs. Frederick (Augusta Tyler)",female,43.0,1,Mrs,Augusta Tyler,1,0
680,512.3292,C,1,1,PC,B,3,512.0,"Cardeza, Mr. Thomas Drake Martinez",male,36.0,0,Mr,,0,1
681,8.1375,Q,3,0,,N,1,8.0,"Peters, Miss. Katie",female,,0,Miss,,0,0
682,76.7292,C,1,0,PC,D,1,77.0,"Hassab, Mr. Hammad",male,27.0,0,Mr,,0,1
683,9.225,S,3,0,,N,1,9.0,"Olsvigen, Mr. Thor Anderson",male,20.0,0,Mr,,0,0
684,46.9,S,3,2,CA,N,1,47.0,"Goodwin, Mr. Charles Edward",male,14.0,5,Mr,,0,0
685,39.0,S,2,1,,N,1,39.0,"Brown, Mr. Thomas William Solomon",male,60.0,1,Mr,,0,0
686,41.5792,C,2,2,SC,N,1,42.0,"Laroche, Mr. Joseph Philippe Lemercier",male,25.0,1,Mr,,0,0
687,39.6875,S,3,1,,N,1,40.0,"Panula, Mr. Jaako Arnold",male,14.0,4,Mr,,0,0
688,10.1708,S,3,0,,N,1,10.0,"Dakic, Mr. Branko",male,19.0,0,Mr,,0,0
689,7.7958,S,3,0,,N,1,8.0,"Fischer, Mr. Eberhard Thelander",male,18.0,0,Mr,,0,0
690,211.3375,S,1,1,,B,1,211.0,"Madill, Miss. Georgette Alexandra",female,15.0,0,Miss,,0,1
691,57.0,S,1,0,,B,1,57.0,"Dick, Mr. Albert Adrian",male,31.0,1,Mr,,0,1
692,13.4167,C,3,1,,N,1,13.0,"Karun, Miss. Manca",female,4.0,0,Miss,,0,1
693,56.4958,S,3,0,,N,1,56.0,"Lam, Mr. Ali",male,,0,Mr,,0,1
694,7.225,C,3,0,,N,1,7.0,"Saad, Mr. Khalil",male,25.0,0,Mr,,0,0
695,26.55,S,1,0,,N,1,27.0,"Weir, Col. John",male,60.0,0,Col,,0,0
696,13.5,S,2,0,,N,1,14.0,"Chapman, Mr. Charles Henry",male,52.0,0,Mr,,0,0
697,8.05,S,3,0,,N,1,8.0,"Kelly, Mr. James",male,44.0,0,Mr,,0,0
698,7.7333,Q,3,0,,N,1,8.0,"Mullens, Miss. Katherine ""Katie""",female,,0,Miss,,0,1
699,110.8833,C,1,1,,C,1,111.0,"Thayer, Mr. John Borland",male,49.0,1,Mr,,0,0
700,7.65,S,3,0,,F,2,8.0,"Humblen, Mr. Adolf Mathias Nicolai Olsen",male,42.0,0,Mr,,0,0
701,227.525,C,1,0,PC,C,2,228.0,"Astor, Mrs. John Jacob (Madeleine Talmadge Force)",female,18.0,1,Mrs,Madeleine Talmadge Force,1,1
702,26.2875,S,1,0,PC,E,1,26.0,"Silverthorne, Mr. Spencer Victor",male,35.0,0,Mr,,0,1
703,14.4542,C,3,1,,N,1,14.0,"Barbara, Miss. Saiide",female,18.0,0,Miss,,0,0
704,7.7417,Q,3,0,,N,1,8.0,"Gallagher, Mr. Martin",male,25.0,0,Mr,,0,0
705,7.8542,S,3,0,,N,1,8.0,"Hansen, Mr. Henrik Juul",male,26.0,1,Mr,,0,0
706,26.0,S,2,0,,N,1,26.0,"Morley, Mr. Henry Samuel (""Mr Henry Marshall"")",male,39.0,0,Mr,,0,0
707,13.5,S,2,0,,N,1,14.0,"Kelly, Mrs. Florence ""Fannie""",female,45.0,0,Mrs,,0,1
708,26.2875,S,1,0,PC,E,1,26.0,"Calderhead, Mr. Edward Pennington",male,42.0,0,Mr,,0,1
709,151.55,S,1,0,,N,1,152.0,"Cleaver, Miss. Alice",female,22.0,0,Miss,,0,1
710,15.2458,C,3,1,,N,1,15.0,"Moubarek, Master. Halim Gonios (""William George"")",male,,1,Master,,0,1
711,49.5042,C,1,0,PC,C,1,50.0,"Mayne, Mlle. Berthe Antonine (""Mrs de Villiers"")",female,24.0,0,Mlle,,0,1
712,26.55,S,1,0,,C,1,27.0,"Klaber, Mr. Herman",male,,0,Mr,,0,0
713,52.0,S,1,0,,C,1,52.0,"Taylor, Mr. Elmer Zebley",male,48.0,1,Mr,,0,1
714,9.4833,S,3,0,,N,1,9.0,"Larsson, Mr. August Viktor",male,29.0,0,Mr,,0,0
715,13.0,S,2,0,,N,1,13.0,"Greenberg, Mr. Samuel",male,52.0,0,Mr,,0,0
716,7.65,S,3,0,,F,2,8.0,"Soholt, Mr. Peter Andreas Lauritz Andersen",male,19.0,0,Mr,,0,0
717,227.525,C,1,0,PC,C,1,228.0,"Endres, Miss. Caroline Louise",female,38.0,0,Miss,,0,1
718,10.5,S,2,0,,E,1,11.0,"Troutt, Miss. Edwina Celia ""Winnie""",female,27.0,0,Miss,,0,1
719,15.5,Q,3,0,,N,1,16.0,"McEvoy, Mr. Michael",male,,0,Mr,,0,0
720,7.775,S,3,0,,N,1,8.0,"Johnson, Mr. Malkolm Joackim",male,33.0,0,Mr,,0,0
721,33.0,S,2,1,,N,1,33.0,"Harper, Miss. Annie Jessie ""Nina""",female,6.0,0,Miss,,0,1
722,7.0542,S,3,0,,N,1,7.0,"Jensen, Mr. Svend Lauritz",male,17.0,1,Mr,,0,0
723,13.0,S,2,0,,N,1,13.0,"Gillespie, Mr. William Henry",male,34.0,0,Mr,,0,0
724,13.0,S,2,0,,N,1,13.0,"Hodges, Mr. Henry Price",male,50.0,0,Mr,,0,0
725,53.1,S,1,0,,E,1,53.0,"Chambers, Mr. Norman Campbell",male,27.0,1,Mr,,0,1
726,8.6625,S,3,0,,N,1,9.0,"Oreskovic, Mr. Luka",male,20.0,0,Mr,,0,0
727,21.0,S,2,0,,N,1,21.0,"Renouf, Mrs. Peter Henry (Lillian Jefferys)",female,30.0,3,Mrs,Lillian Jefferys,1,1
728,7.7375,Q,3,0,,N,1,8.0,"Mannion, Miss. Margareth",female,,0,Miss,,0,1
729,26.0,S,2,0,,N,1,26.0,"Bryhl, Mr. Kurt Arnold Gottfrid",male,25.0,1,Mr,,0,0
730,7.925,S,3,0,STON,N,1,8.0,"Ilmakangas, Miss. Pieta Sofia",female,25.0,1,Miss,,0,0
731,211.3375,S,1,0,,B,1,211.0,"Allen, Miss. Elisabeth Walton",female,29.0,0,Miss,,0,1
732,18.7875,C,3,0,,N,1,19.0,"Hassan, Mr. Houssein G N",male,11.0,0,Mr,,0,0
733,0.0,S,2,0,,N,1,0.0,"Knight, Mr. Robert J",male,,0,Mr,,0,0
734,13.0,S,2,0,,N,1,13.0,"Berriman, Mr. William John",male,23.0,0,Mr,,0,0
735,13.0,S,2,0,,N,1,13.0,"Troupiansky, Mr. Moses Aaron",male,23.0,0,Mr,,0,0
736,16.1,S,3,0,,N,1,16.0,"Williams, Mr. Leslie",male,28.5,0,Mr,,0,0
737,34.375,S,3,3,W,N,1,34.0,"Ford, Mrs. Edward (Margaret Ann Watson)",female,48.0,1,Mrs,Margaret Ann Watson,1,0
738,512.3292,C,1,0,PC,B,1,512.0,"Lesurer, Mr. Gustave J",male,35.0,0,Mr,,0,1
739,7.8958,S,3,0,,N,1,8.0,"Ivanoff, Mr. Kanio",male,,0,Mr,,0,0
740,7.8958,S,3,0,,N,1,8.0,"Nankoff, Mr. Minko",male,,0,Mr,,0,0
741,30.0,S,1,0,,D,1,30.0,"Hawksford, Mr. Walter James",male,,0,Mr,,0,1
742,78.85,S,1,0,,C,1,79.0,"Cavendish, Mr. Tyrell William",male,36.0,1,Mr,,0,0
743,262.375,C,1,2,PC,B,4,262.0,"Ryerson, Miss. Susan Parker ""Suzette""",female,21.0,2,Miss,,0,1
744,16.1,S,3,0,,N,1,16.0,"McNamee, Mr. Neal",male,24.0,1,Mr,,0,0
745,7.925,S,3,0,STON,N,1,8.0,"Stranden, Mr. Juho",male,31.0,0,Mr,,0,1
746,71.0,S,1,1,WE,B,1,71.0,"Crosby, Capt. Edward Gifford",male,70.0,1,Capt,,0,0
747,20.25,S,3,1,C,N,1,20.0,"Abbott, Mr. Rossmore Edward",male,16.0,1,Mr,,0,0
748,13.0,S,2,0,,N,1,13.0,"Sinkkonen, Miss. Anna",female,30.0,0,Miss,,0,1
749,53.1,S,1,0,,D,1,53.0,"Marvin, Mr. Daniel Warner",male,19.0,1,Mr,,0,0
750,7.75,Q,3,0,,N,1,8.0,"Connaghton, Mr. Michael",male,31.0,0,Mr,,0,0
751,23.0,S,2,1,,N,1,23.0,"Wells, Miss. Joan",female,4.0,1,Miss,,0,1
752,12.475,S,3,1,,E,1,12.0,"Moor, Master. Meier",male,6.0,0,Master,,0,1
753,9.5,S,3,0,,N,1,10.0,"Vande Velde, Mr. Johannes Joseph",male,33.0,0,Mr,,0,0
754,7.8958,S,3,0,,N,1,8.0,"Jonkoff, Mr. Lalio",male,23.0,0,Mr,,0,0
755,65.0,S,2,2,,N,1,65.0,"Herman, Mrs. Samuel (Jane Laver)",female,48.0,1,Mrs,Jane Laver,1,1
756,14.5,S,2,1,,N,1,15.0,"Hamalainen, Master. Viljo",male,0.67,1,Master,,0,1
757,7.7958,S,3,0,,N,1,8.0,"Carlsson, Mr. August Sigfrid",male,28.0,0,Mr,,0,0
758,11.5,S,2,0,,N,1,12.0,"Bailey, Mr. Percy Andrew",male,18.0,0,Mr,,0,0
759,8.05,S,3,0,,N,1,8.0,"Theobald, Mr. Thomas Leonard",male,34.0,0,Mr,,0,0
760,86.5,S,1,0,,B,1,87.0,"Rothes, the Countess. of (Lucy Noel Martha Dyer-Edwards)",female,33.0,0,Countess,,0,1
761,14.5,S,3,0,,N,1,15.0,"Garfirth, Mr. John",male,,0,Mr,,0,0
762,7.125,S,3,0,SOTON,N,1,7.0,"Nirva, Mr. Iisakki Antino Aijo",male,41.0,0,Mr,,0,0
763,7.2292,C,3,0,,N,1,7.0,"Barah, Mr. Hanna Assi",male,20.0,0,Mr,,0,1
764,120.0,S,1,2,,B,2,120.0,"Carter, Mrs. William Ernest (Lucile Polk)",female,36.0,1,Mrs,Lucile Polk,1,1
765,7.775,S,3,0,,N,1,8.0,"Eklund, Mr. Hans Linus",male,16.0,0,Mr,,0,0
766,77.9583,S,1,0,,D,1,78.0,"Hogeboom, Mrs. John C (Anna Andrews)",female,51.0,1,Mrs,Anna Andrews,1,1
767,39.6,C,1,0,,N,1,40.0,"Brewe, Dr. Arthur Jackson",male,,0,Dr,,0,0
768,7.75,Q,3,0,,N,1,8.0,"Mangan, Miss. Mary",female,30.5,0,Miss,,0,0
769,24.15,Q,3,0,,N,1,24.0,"Moran, Mr. Daniel J",male,,1,Mr,,0,0
770,8.3625,S,3,0,,N,1,8.0,"Gronnestad, Mr. Daniel Danielsen",male,32.0,0,Mr,,0,0
771,9.5,S,3,0,,N,1,10.0,"Lievens, Mr. Rene Aime",male,24.0,0,Mr,,0,0
772,7.8542,S,3,0,,N,1,8.0,"Jensen, Mr. Niels Peder",male,48.0,0,Mr,,0,0
773,10.5,S,2,0,S,E,1,11.0,"Mack, Mrs. (Mary)",female,57.0,0,Mrs,Mary,1,0
774,7.225,C,3,0,,N,1,7.0,"Elias, Mr. Dibo",male,,0,Mr,,0,0
775,23.0,S,2,3,,N,1,23.0,"Hocking, Mrs. Elizabeth (Eliza Needs)",female,54.0,1,Mrs,Eliza Needs,1,1
776,7.75,S,3,0,,N,1,8.0,"Myhrman, Mr. Pehr Fabian Oliver Malkolm",male,18.0,0,Mr,,0,0
777,7.75,Q,3,0,,F,1,8.0,"Tobin, Mr. Roger",male,,0,Mr,,0,0
778,12.475,S,3,0,,N,1,12.0,"Emanuel, Miss. Virginia Ethel",female,5.0,0,Miss,,0,1
779,7.7375,Q,3,0,,N,1,8.0,"Kilgannon, Mr. Thomas J",male,,0,Mr,,0,0
780,211.3375,S,1,1,,B,1,211.0,"Robert, Mrs. Edward Scott (Elisabeth Walton McMillan)",female,43.0,0,Mrs,Elisabeth Walton McMillan,1,1
781,7.2292,C,3,0,,N,1,7.0,"Ayoub, Miss. Banoura",female,13.0,0,Miss,,0,1
782,57.0,S,1,0,,B,1,57.0,"Dick, Mrs. Albert Adrian (Vera Gillespie)",female,17.0,1,Mrs,Vera Gillespie,1,1
783,30.0,S,1,0,,D,1,30.0,"Long, Mr. Milton Clyde",male,29.0,0,Mr,,0,0
784,23.45,S,3,2,W,N,1,23.0,"Johnston, Mr. Andrew G",male,,1,Mr,,0,0
785,7.05,S,3,0,SOTON,N,1,7.0,"Ali, Mr. William",male,25.0,0,Mr,,0,0
786,7.25,S,3,0,,N,1,7.0,"Harmer, Mr. Abraham (David Lishin)",male,25.0,0,Mr,David Lishin,1,0
787,7.4958,S,3,0,,N,1,7.0,"Sjoblom, Miss. Anna Sofia",female,18.0,0,Miss,,0,1
788,29.125,Q,3,1,,N,1,29.0,"Rice, Master. George Hugh",male,8.0,4,Master,,0,0
789,20.575,S,3,2,C,N,1,21.0,"Dean, Master. Bertram Vere",male,1.0,1,Master,,0,1
790,79.2,C,1,0,PC,B,2,79.0,"Guggenheim, Mr. Benjamin",male,46.0,0,Mr,,0,0
791,7.75,Q,3,0,,N,1,8.0,"Keane, Mr. Andrew ""Andy""",male,,0,Mr,,0,0
792,26.0,S,2,0,,N,1,26.0,"Gaskell, Mr. Alfred",male,16.0,0,Mr,,0,0
793,69.55,S,3,2,CA,N,1,70.0,"Sage, Miss. Stella Anna",female,,8,Miss,,0,0
794,30.6958,C,1,0,PC,N,1,31.0,"Hoyt, Mr. William Fisher",male,,0,Mr,,0,0
795,7.8958,S,3,0,,N,1,8.0,"Dantcheff, Mr. Ristiu",male,25.0,0,Mr,,0,0
796,13.0,S,2,0,,N,1,13.0,"Otter, Mr. Richard",male,39.0,0,Mr,,0,0
797,25.9292,S,1,0,,D,1,26.0,"Leader, Dr. Alice (Farnham)",female,49.0,0,Dr,Farnham,1,1
798,8.6833,S,3,0,,N,1,9.0,"Osman, Mrs. Mara",female,31.0,0,Mrs,,0,1
799,7.2292,C,3,0,,N,1,7.0,"Ibrahim Shawah, Mr. Yousseff",male,30.0,0,Mr,,0,0
800,24.15,S,3,1,,N,1,24.0,"Van Impe, Mrs. Jean Baptiste (Rosalie Paula Govaert)",female,30.0,1,Mrs,Rosalie Paula Govaert,1,0
801,13.0,S,2,0,,N,1,13.0,"Ponesell, Mr. Martin",male,34.0,0,Mr,,0,0
802,26.25,S,2,1,C,N,1,26.0,"Collyer, Mrs. Harvey (Charlotte Annie Tate)",female,31.0,1,Mrs,Charlotte Annie Tate,1,1
803,120.0,S,1,2,,B,2,120.0,"Carter, Master. William Thornton II",male,11.0,1,Master,,0,1
804,8.5167,C,3,1,,N,1,9.0,"Thomas, Master. Assad Alexander",male,0.42,0,Master,,0,1
805,6.975,S,3,0,,N,1,7.0,"Hedman, Mr. Oskar Arvid",male,27.0,0,Mr,,0,1
806,7.775,S,3,0,,N,1,8.0,"Johansson, Mr. Karl Johan",male,31.0,0,Mr,,0,0
807,0.0,S,1,0,,A,1,0.0,"Andrews, Mr. Thomas Jr",male,39.0,0,Mr,,0,0
808,7.775,S,3,0,,N,1,8.0,"Pettersson, Miss. Ellen Natalia",female,18.0,0,Miss,,0,0
809,13.0,S,2,0,,N,1,13.0,"Meyer, Mr. August",male,39.0,0,Mr,,0,0
810,53.1,S,1,0,,E,1,53.0,"Chambers, Mrs. Norman Campbell (Bertha Griggs)",female,33.0,1,Mrs,Bertha Griggs,1,1
811,7.8875,S,3,0,,N,1,8.0,"Alexander, Mr. William",male,26.0,0,Mr,,0,0
812,24.15,S,3,0,A,N,1,24.0,"Lester, Mr. James",male,39.0,0,Mr,,0,0
813,10.5,S,2,0,,N,1,11.0,"Slemen, Mr. Richard James",male,35.0,0,Mr,,0,0
814,31.275,S,3,2,,N,1,31.0,"Andersson, Miss. Ebba Iris Alfrida",female,6.0,4,Miss,,0,0
815,8.05,S,3,0,,N,1,8.0,"Tomlin, Mr. Ernest Portage",male,30.5,0,Mr,,0,0
816,0.0,S,1,0,,B,1,0.0,"Fry, Mr. Richard",male,,0,Mr,,0,0
817,7.925,S,3,0,STON,N,1,8.0,"Heininen, Miss. Wendla Maria",female,23.0,0,Miss,,0,0
818,37.0042,C,2,1,S,N,1,37.0,"Mallet, Mr. Albert",male,31.0,1,Mr,,0,0
819,6.45,S,3,0,C,N,1,6.0,"Holm, Mr. John Fredrik Alexander",male,43.0,0,Mr,,0,0
820,27.9,S,3,2,,N,1,28.0,"Skoog, Master. Karl Thorsten",male,10.0,3,Master,,0,0
821,93.5,S,1,1,,B,1,94.0,"Hays, Mrs. Charles Melville (Clara Jennings Gregg)",female,52.0,1,Mrs,Clara Jennings Gregg,1,1
822,8.6625,S,3,0,,N,1,9.0,"Lulic, Mr. Nikola",male,27.0,0,Mr,,0,1
823,0.0,S,1,0,,N,1,0.0,"Reuchlin, Jonkheer. John George",male,38.0,0,Jonkheer,,0,0
824,12.475,S,3,1,,E,1,12.0,"Moor, Mrs. (Beila)",female,27.0,0,Mrs,Beila,1,1
825,39.6875,S,3,1,,N,1,40.0,"Panula, Master. Urho Abraham",male,2.0,4,Master,,0,0
826,6.95,Q,3,0,,N,1,7.0,"Flynn, Mr. John",male,,0,Mr,,0,0
827,56.4958,S,3,0,,N,1,56.0,"Lam, Mr. Len",male,,0,Mr,,0,0
828,37.0042,C,2,2,S,N,1,37.0,"Mallet, Master. Andre",male,1.0,0,Master,,0,1
829,7.75,Q,3,0,,N,1,8.0,"McCormack, Mr. Thomas Joseph",male,,0,Mr,,0,1
830,80.0,NaN,1,0,,B,1,80.0,"Stone, Mrs. George Nelson (Martha Evelyn)",female,62.0,0,Mrs,Martha Evelyn,1,1
831,14.4542,C,3,0,,N,1,14.0,"Yasbeck, Mrs. Antoni (Selini Alexander)",female,15.0,1,Mrs,Selini Alexander,1,1
832,18.75,S,2,1,,N,1,19.0,"Richards, Master. George Sibley",male,0.83,1,Master,,0,1
833,7.2292,C,3,0,,N,1,7.0,"Saad, Mr. Amin",male,,0,Mr,,0,0
834,7.8542,S,3,0,,N,1,8.0,"Augustsson, Mr. Albert",male,23.0,0,Mr,,0,0
835,8.3,S,3,0,,N,1,8.0,"Allum, Mr. Owen George",male,18.0,0,Mr,,0,0
836,83.1583,C,1,1,PC,E,1,83.0,"Compton, Miss. Sara Rebecca",female,39.0,1,Miss,,0,1
837,8.6625,S,3,0,,N,1,9.0,"Pasic, Mr. Jakob",male,21.0,0,Mr,,0,0
838,8.05,S,3,0,,N,1,8.0,"Sirota, Mr. Maurice",male,,0,Mr,,0,0
839,56.4958,S,3,0,,N,1,56.0,"Chip, Mr. Chang",male,32.0,0,Mr,,0,1
840,29.7,C,1,0,,C,1,30.0,"Marechal, Mr. Pierre",male,,0,Mr,,0,1
841,7.925,S,3,0,SOTON,N,1,8.0,"Alhomaki, Mr. Ilmari Rudolf",male,20.0,0,Mr,,0,0
842,10.5,S,2,0,S,N,1,11.0,"Mudd, Mr. Thomas Charles",male,16.0,0,Mr,,0,0
843,31.0,C,1,0,,N,1,31.0,"Serepeca, Miss. Augusta",female,30.0,0,Miss,,0,1
844,6.4375,C,3,0,,N,1,6.0,"Lemberopolous, Mr. Peter L",male,34.5,0,Mr,,0,0
845,8.6625,S,3,0,,N,1,9.0,"Culumovic, Mr. Jeso",male,17.0,0,Mr,,0,0
846,7.55,S,3,0,C,N,1,8.0,"Abbing, Mr. Anthony",male,42.0,0,Mr,,0,0
847,69.55,S,3,2,CA,N,1,70.0,"Sage, Mr. Douglas Bullen",male,,8,Mr,,0,0
848,7.8958,C,3,0,,N,1,8.0,"Markoff, Mr. Marin",male,35.0,0,Mr,,0,0
849,33.0,S,2,1,,N,1,33.0,"Harper, Rev. John",male,28.0,0,Rev,,0,0
850,89.1042,C,1,0,,C,1,89.0,"Goldenberg, Mrs. Samuel L (Edwiga Grabowska)",female,,1,Mrs,Edwiga Grabowska,1,1
851,31.275,S,3,2,,N,1,31.0,"Andersson, Master. Sigvard Harald Elias",male,4.0,4,Master,,0,0
852,7.775,S,3,0,,N,1,8.0,"Svensson, Mr. Johan",male,74.0,0,Mr,,0,0
853,15.2458,C,3,1,,N,1,15.0,"Boulos, Miss. Nourelain",female,9.0,1,Miss,,0,0
854,39.4,S,1,1,PC,D,1,39.0,"Lines, Miss. Mary Conover",female,16.0,0,Miss,,0,1
855,26.0,S,2,0,,N,1,26.0,"Carter, Mrs. Ernest Courtenay (Lilian Hughes)",female,44.0,1,Mrs,Lilian Hughes,1,0
856,9.35,S,3,1,,N,1,9.0,"Aks, Mrs. Sam (Leah Rosen)",female,18.0,0,Mrs,Leah Rosen,1,1
857,164.8667,S,1,1,,N,1,165.0,"Wick, Mrs. George Dennick (Mary Hitchcock)",female,45.0,1,Mrs,Mary Hitchcock,1,1
858,26.55,S,1,0,,E,1,27.0,"Daly, Mr. Peter Denis ",male,51.0,0,Mr,,0,1
859,19.2583,C,3,3,,N,1,19.0,"Baclini, Mrs. Solomon (Latifa Qurban)",female,24.0,0,Mrs,Latifa Qurban,1,1
860,7.2292,C,3,0,,N,1,7.0,"Razi, Mr. Raihed",male,,0,Mr,,0,0
861,14.1083,S,3,0,,N,1,14.0,"Hansen, Mr. Claus Peter",male,41.0,2,Mr,,0,0
862,11.5,S,2,0,,N,1,12.0,"Giles, Mr. Frederick Edward",male,21.0,1,Mr,,0,0
863,25.9292,S,1,0,,D,1,26.0,"Swift, Mrs. Frederick Joel (Margaret Welles Barron)",female,48.0,0,Mrs,Margaret Welles Barron,1,1
864,69.55,S,3,2,CA,N,1,70.0,"Sage, Miss. Dorothy Edith ""Dolly""",female,,8,Miss,,0,0
865,13.0,S,2,0,,N,1,13.0,"Gill, Mr. John William",male,24.0,0,Mr,,0,0
866,13.0,S,2,0,,N,1,13.0,"Bystrom, Mrs. (Karolina)",female,42.0,0,Mrs,Karolina,1,1
867,13.8583,C,2,0,SC,N,1,14.0,"Duran y More, Miss. Asuncion",female,27.0,1,Miss,,0,1
868,50.4958,S,1,0,PC,A,1,50.0,"Roebling, Mr. Washington Augustus II",male,31.0,0,Mr,,0,0
869,9.5,S,3,0,,N,1,10.0,"van Melkebeke, Mr. Philemon",male,,0,Mr,,0,0
870,11.1333,S,3,1,,N,1,11.0,"Johnson, Master. Harold Theodor",male,4.0,1,Master,,0,1
871,7.8958,S,3,0,,N,1,8.0,"Balkic, Mr. Cerin",male,26.0,0,Mr,,0,0
872,52.5542,S,1,1,,D,1,53.0,"Beckwith, Mrs. Richard Leonard (Sallie Monypeny)",female,47.0,1,Mrs,Sallie Monypeny,1,1
873,5.0,S,1,0,,B,3,5.0,"Carlsson, Mr. Frans Olof",male,33.0,0,Mr,,0,0
874,9.0,S,3,0,,N,1,9.0,"Vander Cruyssen, Mr. Victor",male,47.0,0,Mr,,0,0
875,24.0,C,2,0,P,N,1,24.0,"Abelson, Mrs. Samuel (Hannah Wizosky)",female,28.0,1,Mrs,Hannah Wizosky,1,1
876,7.225,C,3,0,,N,1,7.0,"Najib, Miss. Adele Kiamie ""Jane""",female,15.0,0,Miss,,0,1
877,9.8458,S,3,0,,N,1,10.0,"Gustafsson, Mr. Alfred Ossian",male,20.0,0,Mr,,0,0
878,7.8958,S,3,0,,N,1,8.0,"Petroff, Mr. Nedelio",male,19.0,0,Mr,,0,0
879,7.8958,S,3,0,,N,1,8.0,"Laleff, Mr. Kristo",male,,0,Mr,,0,0
880,83.1583,C,1,1,,C,1,83.0,"Potter, Mrs. Thomas Jr (Lily Alexenia Wilson)",female,56.0,0,Mrs,Lily Alexenia Wilson,1,1
881,26.0,S,2,1,,N,1,26.0,"Shelley, Mrs. William (Imanita Parrish Hall)",female,25.0,0,Mrs,Imanita Parrish Hall,1,1
882,7.8958,S,3,0,,N,1,8.0,"Markun, Mr. Johann",male,33.0,0,Mr,,0,0
883,10.5167,S,3,0,,N,1,11.0,"Dahlberg, Miss. Gerda Ulrika",female,22.0,0,Miss,,0,0
884,10.5,S,2,0,C,N,1,11.0,"Banfield, Mr. Frederick James",male,28.0,0,Mr,,0,0
885,7.05,S,3,0,SOTON,N,1,7.0,"Sutehall, Mr. Henry Jr",male,25.0,0,Mr,,0,0
886,29.125,Q,3,5,,N,1,29.0,"Rice, Mrs. William (Margaret Norton)",female,39.0,0,Mrs,Margaret Norton,1,0
887,13.0,S,2,0,,N,1,13.0,"Montvila, Rev. Juozas",male,27.0,0,Rev,,0,0
888,30.0,S,1,0,,B,1,30.0,"Graham, Miss. Margaret Edith",female,19.0,0,Miss,,0,1
889,23.45,S,3,2,W,N,1,23.0,"Johnston, Miss. Catherine Helen ""Carrie""",female,,1,Miss,,0,0
890,30.0,C,1,0,,C,1,30.0,"Behr, Mr. Karl Howell",male,26.0,0,Mr,,0,1
891,7.75,Q,3,0,,N,1,8.0,"Dooley, Mr. Patrick",male,32.0,0,Mr,,0,0
223,8.05,S,3,0,,N,1,8.0,"Green, Mr. George Henry",male,51.0,0,Mr,,0,0
224,7.8958,S,3,0,,N,1,8.0,"Nenkoff, Mr. Christo",male,,0,Mr,,0,0
225,90.0,S,1,0,,C,1,90.0,"Hoyt, Mr. Frederick Maxfield",male,38.0,1,Mr,,0,1
226,9.35,S,3,0,PP,N,1,9.0,"Berglund, Mr. Karl Ivar Sven",male,22.0,0,Mr,,0,0
227,10.5,S,2,0,SW,N,1,11.0,"Mellors, Mr. William John",male,19.0,0,Mr,,0,1
228,7.25,S,3,0,A,N,1,7.0,"Lovell, Mr. John Hall (""Henry"")",male,20.5,0,Mr,,0,0
229,13.0,S,2,0,,N,1,13.0,"Fahlstrom, Mr. Arne Jonas",male,18.0,0,Mr,,0,0
230,25.4667,S,3,1,,N,1,25.0,"Lefebre, Miss. Mathilde",female,,3,Miss,,0,0
231,83.475,S,1,0,,C,1,83.0,"Harris, Mrs. Henry Birkhardt (Irene Wallach)",female,35.0,1,Mrs,Irene Wallach,1,1
232,7.775,S,3,0,,N,1,8.0,"Larsson, Mr. Bengt Edvin",male,29.0,0,Mr,,0,0
233,13.5,S,2,0,,N,1,14.0,"Sjostedt, Mr. Ernst Adolf",male,59.0,0,Mr,,0,0
234,31.3875,S,3,2,,N,1,31.0,"Asplund, Miss. Lillian Gertrud",female,5.0,4,Miss,,0,1
235,10.5,S,2,0,C,N,1,11.0,"Leyson, Mr. Robert William Norman",male,24.0,0,Mr,,0,0
236,7.55,S,3,0,W,N,1,8.0,"Harknett, Miss. Alice Phoebe",female,,0,Miss,,0,0
237,26.0,S,2,0,,N,1,26.0,"Hold, Mr. Stephen",male,44.0,1,Mr,,0,0
238,26.25,S,2,2,C,N,1,26.0,"Collyer, Miss. Marjorie ""Lottie""",female,8.0,0,Miss,,0,1
239,10.5,S,2,0,,N,1,11.0,"Pengelly, Mr. Frederick William",male,19.0,0,Mr,,0,0
240,12.275,S,2,0,SCO,N,1,12.0,"Hunt, Mr. George Henry",male,33.0,0,Mr,,0,0
241,14.4542,C,3,0,,N,1,14.0,"Zabour, Miss. Thamine",female,,1,Miss,,0,0
242,15.5,Q,3,0,,N,1,16.0,"Murphy, Miss. Katherine ""Kate""",female,,1,Miss,,0,1
243,10.5,S,2,0,W,N,1,11.0,"Coleridge, Mr. Reginald Charles",male,29.0,0,Mr,,0,0
244,7.125,S,3,0,STON,N,1,7.0,"Maenpaa, Mr. Matti Alexanteri",male,22.0,0,Mr,,0,0
245,7.225,C,3,0,,N,1,7.0,"Attalah, Mr. Sleiman",male,30.0,0,Mr,,0,0
246,90.0,Q,1,0,,C,1,90.0,"Minahan, Dr. William Edward",male,44.0,2,Dr,,0,0
247,7.775,S,3,0,,N,1,8.0,"Lindahl, Miss. Agda Thorilda Viktoria",female,25.0,0,Miss,,0,0
248,14.5,S,2,2,,N,1,15.0,"Hamalainen, Mrs. William (Anna)",female,24.0,0,Mrs,Anna,1,1
249,52.5542,S,1,1,,D,1,53.0,"Beckwith, Mr. Richard Leonard",male,37.0,1,Mr,,0,1
250,26.0,S,2,0,,N,1,26.0,"Carter, Rev. Ernest Courtenay",male,54.0,1,Rev,,0,0
251,7.25,S,3,0,,N,1,7.0,"Reed, Mr. James George",male,,0,Mr,,0,0
252,10.4625,S,3,1,,G,1,10.0,"Strom, Mrs. Wilhelm (Elna Matilda Persson)",female,29.0,1,Mrs,Elna Matilda Persson,1,0
253,26.55,S,1,0,,C,1,27.0,"Stead, Mr. William Thomas",male,62.0,0,Mr,,0,0
254,16.1,S,3,0,A,N,1,16.0,"Lobb, Mr. William Arthur",male,30.0,1,Mr,,0,0
255,20.2125,S,3,2,,N,1,20.0,"Rosblom, Mrs. Viktor (Helena Wilhelmina)",female,41.0,0,Mrs,Helena Wilhelmina,1,0
256,15.2458,C,3,2,,N,1,15.0,"Touma, Mrs. Darwis (Hanne Youssef Razi)",female,29.0,0,Mrs,Hanne Youssef Razi,1,1
257,79.2,C,1,0,PC,N,1,79.0,"Thorne, Mrs. Gertrude Maybelle",female,,0,Mrs,,0,1
258,86.5,S,1,0,,B,1,87.0,"Cherry, Miss. Gladys",female,30.0,0,Miss,,0,1
259,512.3292,C,1,0,PC,N,1,512.0,"Ward, Miss. Anna",female,35.0,0,Miss,,0,1
260,26.0,S,2,1,,N,1,26.0,"Parrish, Mrs. (Lutie Davis)",female,50.0,0,Mrs,Lutie Davis,1,1
261,7.75,Q,3,0,,N,1,8.0,"Smith, Mr. Thomas",male,,0,Mr,,0,0
262,31.3875,S,3,2,,N,1,31.0,"Asplund, Master. Edvin Rojj Felix",male,3.0,4,Master,,0,1
263,79.65,S,1,1,,E,1,80.0,"Taussig, Mr. Emil",male,52.0,1,Mr,,0,0
264,0.0,S,1,0,,B,1,0.0,"Harrison, Mr. William",male,40.0,0,Mr,,0,0
265,7.75,Q,3,0,,N,1,8.0,"Henry, Miss. Delia",female,,0,Miss,,0,0
266,10.5,S,2,0,C,N,1,11.0,"Reeves, Mr. David",male,36.0,0,Mr,,0,0
267,39.6875,S,3,1,,N,1,40.0,"Panula, Mr. Ernesti Arvid",male,16.0,4,Mr,,0,0
268,7.775,S,3,0,,N,1,8.0,"Persson, Mr. Ernst Ulrik",male,25.0,1,Mr,,0,1
269,153.4625,S,1,1,PC,C,1,153.0,"Graham, Mrs. William Thompson (Edith Junkins)",female,58.0,0,Mrs,Edith Junkins,1,1
270,135.6333,S,1,0,PC,C,1,136.0,"Bissette, Miss. Amelia",female,35.0,0,Miss,,0,1
271,31.0,S,1,0,,N,1,31.0,"Cairns, Mr. Alexander",male,,0,Mr,,0,0
272,0.0,S,3,0,LINE,N,1,0.0,"Tornquist, Mr. William Henry",male,25.0,0,Mr,,0,1
273,19.5,S,2,1,,N,1,20.0,"Mellinger, Mrs. (Elizabeth Anne Maidment)",female,41.0,0,Mrs,Elizabeth Anne Maidment,1,1
274,29.7,C,1,1,PC,C,1,30.0,"Natsch, Mr. Charles H",male,37.0,0,Mr,,0,0
275,7.75,Q,3,0,,N,1,8.0,"Healy, Miss. Hanora ""Nora""",female,,0,Miss,,0,1
276,77.9583,S,1,0,,D,1,78.0,"Andrews, Miss. Kornelia Theodosia",female,63.0,1,Miss,,0,1
277,7.75,S,3,0,,N,1,8.0,"Lindblom, Miss. Augusta Charlotta",female,45.0,0,Miss,,0,0
278,0.0,S,2,0,,N,1,0.0,"Parkes, Mr. Francis ""Frank""",male,,0,Mr,,0,0
279,29.125,Q,3,1,,N,1,29.0,"Rice, Master. Eric",male,7.0,4,Master,,0,0
280,20.25,S,3,1,C,N,1,20.0,"Abbott, Mrs. Stanton (Rosa Hunt)",female,35.0,1,Mrs,Rosa Hunt,1,1
281,7.75,Q,3,0,,N,1,8.0,"Duane, Mr. Frank",male,65.0,0,Mr,,0,0
282,7.8542,S,3,0,,N,1,8.0,"Olsson, Mr. Nils Johan Goransson",male,28.0,0,Mr,,0,0
283,9.5,S,3,0,,N,1,10.0,"de Pelsmaeker, Mr. Alfons",male,16.0,0,Mr,,0,0
284,8.05,S,3,0,A,N,1,8.0,"Dorking, Mr. Edward Arthur",male,19.0,0,Mr,,0,1
285,26.0,S,1,0,,A,1,26.0,"Smith, Mr. Richard William",male,,0,Mr,,0,0
286,8.6625,C,3,0,,N,1,9.0,"Stankovic, Mr. Ivan",male,33.0,0,Mr,,0,0
287,9.5,S,3,0,,N,1,10.0,"de Mulder, Mr. Theodore",male,30.0,0,Mr,,0,1
288,7.8958,S,3,0,,N,1,8.0,"Naidenoff, Mr. Penko",male,22.0,0,Mr,,0,0
289,13.0,S,2,0,,N,1,13.0,"Hosono, Mr. Masabumi",male,42.0,0,Mr,,0,1
290,7.75,Q,3,0,,N,1,8.0,"Connolly, Miss. Kate",female,22.0,0,Miss,,0,1
291,78.85,S,1,0,,N,1,79.0,"Barber, Miss. Ellen ""Nellie""",female,26.0,0,Miss,,0,1
292,91.0792,C,1,0,,B,1,91.0,"Bishop, Mrs. Dickinson H (Helen Walton)",female,19.0,1,Mrs,Helen Walton,1,1
293,12.875,C,2,0,SC,D,1,13.0,"Levy, Mr. Rene Jacques",male,36.0,0,Mr,,0,0
294,8.85,S,3,0,,N,1,9.0,"Haas, Miss. Aloisia",female,24.0,0,Miss,,0,0
295,7.8958,S,3,0,,N,1,8.0,"Mineff, Mr. Ivan",male,24.0,0,Mr,,0,0
296,27.7208,C,1,0,PC,N,1,28.0,"Lewy, Mr. Ervin G",male,,0,Mr,,0,0
297,7.2292,C,3,0,,N,1,7.0,"Hanna, Mr. Mansour",male,23.5,0,Mr,,0,0
298,151.55,S,1,2,,C,2,152.0,"Allison, Miss. Helen Loraine",female,2.0,1,Miss,,0,0
299,30.5,S,1,0,,C,1,31.0,"Saalfeld, Mr. Adolphe",male,,0,Mr,,0,1
300,247.5208,C,1,1,PC,B,2,248.0,"Baxter, Mrs. James (Helene DeLaudeniere Chaput)",female,50.0,0,Mrs,Helene DeLaudeniere Chaput,1,1
301,7.75,Q,3,0,,N,1,8.0,"Kelly, Miss. Anna Katherine ""Annie Kate""",female,,0,Miss,,0,1
302,23.25,Q,3,0,,N,1,23.0,"McCoy, Mr. Bernard",male,,2,Mr,,0,1
303,0.0,S,3,0,LINE,N,1,0.0,"Johnson, Mr. William Cahoone Jr",male,19.0,0,Mr,,0,0
304,12.35,Q,2,0,,E,1,12.0,"Keane, Miss. Nora A",female,,0,Miss,,0,1
305,8.05,S,3,0,A,N,1,8.0,"Williams, Mr. Howard Hugh ""Harry""",male,,0,Mr,,0,0
306,151.55,S,1,2,,C,2,152.0,"Allison, Master. Hudson Trevor",male,0.92,1,Master,,0,1
307,110.8833,C,1,0,,N,1,111.0,"Fleming, Miss. Margaret",female,,0,Miss,,0,1
308,108.9,C,1,0,PC,C,1,109.0,"Penasco y Castellana, Mrs. Victor de Satode (Maria Josefa Perez de Soto y Vallejo)",female,17.0,1,Mrs,Maria Josefa Perez de Soto y Vallejo,1,1
309,24.0,C,2,0,P,N,1,24.0,"Abelson, Mr. Samuel",male,30.0,1,Mr,,0,0
310,56.9292,C,1,0,PC,E,1,57.0,"Francatelli, Miss. Laura Mabel",female,30.0,0,Miss,,0,1
311,83.1583,C,1,0,,C,1,83.0,"Hays, Miss. Margaret Bechstein",female,24.0,0,Miss,,0,1
312,262.375,C,1,2,PC,B,4,262.0,"Ryerson, Miss. Emily Borie",female,18.0,2,Miss,,0,1
313,26.0,S,2,1,,N,1,26.0,"Lahtinen, Mrs. William (Anna Sylfven)",female,26.0,1,Mrs,Anna Sylfven,1,0
314,7.8958,S,3,0,,N,1,8.0,"Hendekovic, Mr. Ignjac",male,28.0,0,Mr,,0,0
315,26.25,S,2,1,F,N,1,26.0,"Hart, Mr. Benjamin",male,43.0,1,Mr,,0,0
316,7.8542,S,3,0,,N,1,8.0,"Nilsson, Miss. Helmina Josefina",female,26.0,0,Miss,,0,1
317,26.0,S,2,0,,N,1,26.0,"Kantor, Mrs. Sinai (Miriam Sternin)",female,24.0,1,Mrs,Miriam Sternin,1,1
318,14.0,S,2,0,,N,1,14.0,"Moraweck, Dr. Ernest",male,54.0,0,Dr,,0,0
319,164.8667,S,1,2,,C,1,165.0,"Wick, Miss. Mary Natalie",female,31.0,0,Miss,,0,1
320,134.5,C,1,1,,E,1,135.0,"Spedden, Mrs. Frederic Oakley (Margaretta Corning Stone)",female,40.0,1,Mrs,Margaretta Corning Stone,1,1
321,7.25,S,3,0,A,N,1,7.0,"Dennis, Mr. Samuel",male,22.0,0,Mr,,0,0
322,7.8958,S,3,0,,N,1,8.0,"Danoff, Mr. Yoto",male,27.0,0,Mr,,0,0
323,12.35,Q,2,0,,N,1,12.0,"Slayter, Miss. Hilda Mary",female,30.0,0,Miss,,0,1
324,29.0,S,2,1,,N,1,29.0,"Caldwell, Mrs. Albert Francis (Sylvia Mae Harbaugh)",female,22.0,1,Mrs,Sylvia Mae Harbaugh,1,1
325,69.55,S,3,2,CA,N,1,70.0,"Sage, Mr. George John Jr",male,,8,Mr,,0,0
326,135.6333,C,1,0,PC,C,1,136.0,"Young, Miss. Marie Grice",female,36.0,0,Miss,,0,1
327,6.2375,S,3,0,,N,1,6.0,"Nysveen, Mr. Johan Hansen",male,61.0,0,Mr,,0,0
328,13.0,S,2,0,,D,1,13.0,"Ball, Mrs. (Ada E Hall)",female,36.0,0,Mrs,Ada E Hall,1,1
329,20.525,S,3,1,,N,1,21.0,"Goldsmith, Mrs. Frank John (Emily Alice Brown)",female,31.0,1,Mrs,Emily Alice Brown,1,1
330,57.9792,C,1,1,,B,1,58.0,"Hippach, Miss. Jean Gertrude",female,16.0,0,Miss,,0,1
331,23.25,Q,3,0,,N,1,23.0,"McCoy, Miss. Agnes",female,,2,Miss,,0,1
332,28.5,S,1,0,,C,1,29.0,"Partner, Mr. Austen",male,45.5,0,Mr,,0,0
333,153.4625,S,1,1,PC,C,1,153.0,"Graham, Mr. George Edward",male,38.0,0,Mr,,0,0
334,18.0,S,3,0,,N,1,18.0,"Vander Planke, Mr. Leo Edmondus",male,16.0,2,Mr,,0,0
335,133.65,S,1,0,PC,N,1,134.0,"Frauenthal, Mrs. Henry William (Clara Heinsheimer)",female,,1,Mrs,Clara Heinsheimer,1,1
336,7.8958,S,3,0,,N,1,8.0,"Denkoff, Mr. Mitto",male,,0,Mr,,0,0
337,66.6,S,1,0,,C,1,67.0,"Pears, Mr. Thomas Clinton",male,29.0,1,Mr,,0,0
338,134.5,C,1,0,,E,1,135.0,"Burns, Miss. Elizabeth Margaret",female,41.0,0,Miss,,0,1
339,8.05,S,3,0,,N,1,8.0,"Dahl, Mr. Karl Edwart",male,45.0,0,Mr,,0,1
340,35.5,S,1,0,,T,1,36.0,"Blackwell, Mr. Stephen Weart",male,45.0,0,Mr,,0,0
341,26.0,S,2,1,,F,1,26.0,"Navratil, Master. Edmond Roger",male,2.0,1,Master,,0,1
342,263.0,S,1,2,,C,3,263.0,"Fortune, Miss. Alice Elizabeth",female,24.0,3,Miss,,0,1
343,13.0,S,2,0,,N,1,13.0,"Collander, Mr. Erik Gustaf",male,28.0,0,Mr,,0,0
344,13.0,S,2,0,,N,1,13.0,"Sedgwick, Mr. Charles Frederick Waddington",male,25.0,0,Mr,,0,0
345,13.0,S,2,0,,N,1,13.0,"Fox, Mr. Stanley Hubert",male,36.0,0,Mr,,0,0
346,13.0,S,2,0,,F,1,13.0,"Brown, Miss. Amelia ""Mildred""",female,24.0,0,Miss,,0,1
347,13.0,S,2,0,,N,1,13.0,"Smith, Miss. Marion Elsie",female,40.0,0,Miss,,0,1
348,16.1,S,3,0,,N,1,16.0,"Davison, Mrs. Thomas Henry (Mary E Finck)",female,,1,Mrs,Mary E Finck,1,1
349,15.9,S,3,1,C,N,1,16.0,"Coutts, Master. William Loch ""William""",male,3.0,1,Master,,0,1
350,8.6625,S,3,0,,N,1,9.0,"Dimic, Mr. Jovan",male,42.0,0,Mr,,0,0
351,9.225,S,3,0,,N,1,9.0,"Odahl, Mr. Nils Martin",male,23.0,0,Mr,,0,0
352,35.0,S,1,0,,C,1,35.0,"Williams-Lambert, Mr. Fletcher Fellows",male,,0,Mr,,0,0
353,7.2292,C,3,1,,N,1,7.0,"Elias, Mr. Tannous",male,15.0,1,Mr,,0,0
354,17.8,S,3,0,,N,1,18.0,"Arnold-Franchi, Mr. Josef",male,25.0,1,Mr,,0,0
355,7.225,C,3,0,,N,1,7.0,"Yousif, Mr. Wazli",male,,0,Mr,,0,0
356,9.5,S,3,0,,N,1,10.0,"Vanden Steen, Mr. Leo Peter",male,28.0,0,Mr,,0,0
357,55.0,S,1,1,,E,1,55.0,"Bowerman, Miss. Elsie Edith",female,22.0,0,Miss,,0,1
358,13.0,S,2,0,,N,1,13.0,"Funk, Miss. Annie Clemmer",female,38.0,0,Miss,,0,0
359,7.8792,Q,3,0,,N,1,8.0,"McGovern, Miss. Mary",female,,0,Miss,,0,1
360,7.8792,Q,3,0,,N,1,8.0,"Mockler, Miss. Helen Mary ""Ellie""",female,,0,Miss,,0,1
361,27.9,S,3,4,,N,1,28.0,"Skoog, Mr. Wilhelm",male,40.0,1,Mr,,0,0
362,27.7208,C,2,0,SC,N,1,28.0,"del Carlo, Mr. Sebastiano",male,29.0,1,Mr,,0,0
363,14.4542,C,3,1,,N,1,14.0,"Barbara, Mrs. (Catherine David)",female,45.0,0,Mrs,Catherine David,1,0
364,7.05,S,3,0,SOTON,N,1,7.0,"Asim, Mr. Adola",male,35.0,0,Mr,,0,0
365,15.5,Q,3,0,,N,1,16.0,"O'Brien, Mr. Thomas",male,,1,Mr,,0,0
366,7.25,S,3,0,C,N,1,7.0,"Adahl, Mr. Mauritz Nils Martin",male,30.0,0,Mr,,0,0
367,75.25,C,1,0,,D,1,75.0,"Warren, Mrs. Frank Manley (Anna Sophia Atkinson)",female,60.0,1,Mrs,Anna Sophia Atkinson,1,1
368,7.2292,C,3,0,,N,1,7.0,"Moussa, Mrs. (Mantoura Boulos)",female,,0,Mrs,Mantoura Boulos,1,1
369,7.75,Q,3,0,,N,1,8.0,"Jermyn, Miss. Annie",female,,0,Miss,,0,1
370,69.3,C,1,0,PC,B,1,69.0,"Aubart, Mme. Leontine Pauline",female,24.0,0,Mme,,0,1
371,55.4417,C,1,0,,E,1,55.0,"Harder, Mr. George Achilles",male,25.0,1,Mr,,0,1
372,6.4958,S,3,0,,N,1,6.0,"Wiklund, Mr. Jakob Alfred",male,18.0,1,Mr,,0,0
373,8.05,S,3,0,,N,1,8.0,"Beavan, Mr. William Thomas",male,19.0,0,Mr,,0,0
374,135.6333,C,1,0,PC,N,1,136.0,"Ringhini, Mr. Sante",male,22.0,0,Mr,,0,0
375,21.075,S,3,1,,N,1,21.0,"Palsson, Miss. Stina Viola",female,3.0,3,Miss,,0,0
376,82.1708,C,1,0,PC,N,1,82.0,"Meyer, Mrs. Edgar Joseph (Leila Saks)",female,,1,Mrs,Leila Saks,1,1
377,7.25,S,3,0,C,N,1,7.0,"Landergren, Miss. Aurora Adelia",female,22.0,0,Miss,,0,1
378,211.5,C,1,2,,C,1,212.0,"Widener, Mr. Harry Elkins",male,27.0,0,Mr,,0,0
379,4.0125,C,3,0,,N,1,4.0,"Betros, Mr. Tannous",male,20.0,0,Mr,,0,0
380,7.775,S,3,0,,N,1,8.0,"Gustafsson, Mr. Karl Gideon",male,19.0,0,Mr,,0,0
381,227.525,C,1,0,PC,N,1,228.0,"Bidois, Miss. Rosalie",female,42.0,0,Miss,,0,1
382,15.7417,C,3,2,,N,1,16.0,"Nakid, Miss. Maria (""Mary"")",female,1.0,0,Miss,,0,1
383,7.925,S,3,0,STON,N,1,8.0,"Tikkanen, Mr. Juho",male,32.0,0,Mr,,0,0
384,52.0,S,1,0,,N,1,52.0,"Holverson, Mrs. Alexander Oskar (Mary Aline Towner)",female,35.0,1,Mrs,Mary Aline Towner,1,1
385,7.8958,S,3,0,,N,1,8.0,"Plotcharsky, Mr. Vasil",male,,0,Mr,,0,0
386,73.5,S,2,0,S,N,1,74.0,"Davies, Mr. Charles Henry",male,18.0,0,Mr,,0,0
387,46.9,S,3,2,CA,N,1,47.0,"Goodwin, Master. Sidney Leonard",male,1.0,5,Master,,0,0
388,13.0,S,2,0,,N,1,13.0,"Buss, Miss. Kate",female,36.0,0,Miss,,0,1
389,7.7292,Q,3,0,,N,1,8.0,"Sadlier, Mr. Matthew",male,,0,Mr,,0,0
390,12.0,C,2,0,SC,N,1,12.0,"Lehmann, Miss. Bertha",female,17.0,0,Miss,,0,1
391,120.0,S,1,2,,B,2,120.0,"Carter, Mr. William Ernest",male,36.0,1,Mr,,0,1
392,7.7958,S,3,0,,N,1,8.0,"Jansson, Mr. Carl Olof",male,21.0,0,Mr,,0,1
393,7.925,S,3,0,,N,1,8.0,"Gustafsson, Mr. Johan Birger",male,28.0,2,Mr,,0,0
394,113.275,C,1,0,,D,1,113.0,"Newell, Miss. Marjorie",female,23.0,1,Miss,,0,1
395,16.7,S,3,2,PP,G,1,17.0,"Sandstrom, Mrs. Hjalmar (Agnes Charlotta Bengtsson)",female,24.0,0,Mrs,Agnes Charlotta Bengtsson,1,1
396,7.7958,S,3,0,,N,1,8.0,"Johansson, Mr. Erik",male,22.0,0,Mr,,0,0
397,7.8542,S,3,0,,N,1,8.0,"Olsson, Miss. Elina",female,31.0,0,Miss,,0,0
398,26.0,S,2,0,,N,1,26.0,"McKane, Mr. Peter David",male,46.0,0,Mr,,0,0
399,10.5,S,2,0,,N,1,11.0,"Pain, Dr. Alfred",male,23.0,0,Dr,,0,0
400,12.65,S,2,0,,N,1,13.0,"Trout, Mrs. William H (Jessie L)",female,28.0,0,Mrs,Jessie L,1,1
401,7.925,S,3,0,STON,N,1,8.0,"Niskanen, Mr. Juha",male,39.0,0,Mr,,0,1
402,8.05,S,3,0,,N,1,8.0,"Adams, Mr. John",male,26.0,0,Mr,,0,0
403,9.825,S,3,0,,N,1,10.0,"Jussila, Miss. Mari Aina",female,21.0,1,Miss,,0,0
404,15.85,S,3,0,STON,N,1,16.0,"Hakkarainen, Mr. Pekka Pietari",male,28.0,1,Mr,,0,0
405,8.6625,S,3,0,,N,1,9.0,"Oreskovic, Miss. Marija",female,20.0,0,Miss,,0,0
406,21.0,S,2,0,,N,1,21.0,"Gale, Mr. Shadrach",male,34.0,1,Mr,,0,0
407,7.75,S,3,0,,N,1,8.0,"Widegren, Mr. Carl/Charles Peter",male,51.0,0,Mr,,0,0
408,18.75,S,2,1,,N,1,19.0,"Richards, Master. William Rowe",male,3.0,1,Master,,0,1
409,7.775,S,3,0,,N,1,8.0,"Birkeland, Mr. Hans Martin Monsen",male,21.0,0,Mr,,0,0
410,25.4667,S,3,1,,N,1,25.0,"Lefebre, Miss. Ida",female,,3,Miss,,0,0
411,7.8958,S,3,0,,N,1,8.0,"Sdycoff, Mr. Todor",male,,0,Mr,,0,0
412,6.8583,Q,3,0,,N,1,7.0,"Hart, Mr. Henry",male,,0,Mr,,0,0
413,90.0,Q,1,0,,C,1,90.0,"Minahan, Miss. Daisy E",female,33.0,1,Miss,,0,1
414,0.0,S,2,0,,N,1,0.0,"Cunningham, Mr. Alfred Fleming",male,,0,Mr,,0,0
415,7.925,S,3,0,STON,N,1,8.0,"Sundman, Mr. Johan Julian",male,44.0,0,Mr,,0,1
416,8.05,S,3,0,,N,1,8.0,"Meek, Mrs. Thomas (Annie Louise Rowley)",female,,0,Mrs,Annie Louise Rowley,1,0
417,32.5,S,2,1,,N,1,33.0,"Drew, Mrs. James Vivian (Lulu Thorne Christian)",female,34.0,1,Mrs,Lulu Thorne Christian,1,1
418,13.0,S,2,2,,N,1,13.0,"Silven, Miss. Lyyli Karoliina",female,18.0,0,Miss,,0,1
419,13.0,S,2,0,,N,1,13.0,"Matthews, Mr. William John",male,30.0,0,Mr,,0,0
420,24.15,S,3,2,,N,1,24.0,"Van Impe, Miss. Catharina",female,10.0,0,Miss,,0,0
421,7.8958,C,3,0,,N,1,8.0,"Gheorgheff, Mr. Stanio",male,,0,Mr,,0,0
422,7.7333,Q,3,0,A,N,1,8.0,"Charters, Mr. David",male,21.0,0,Mr,,0,0
423,7.875,S,3,0,,N,1,8.0,"Zimmerman, Mr. Leo",male,29.0,0,Mr,,0,0
424,14.4,S,3,1,,N,1,14.0,"Danbom, Mrs. Ernst Gilbert (Anna Sigrid Maria Brogren)",female,28.0,1,Mrs,Anna Sigrid Maria Brogren,1,0
425,20.2125,S,3,1,,N,1,20.0,"Rosblom, Mr. Viktor Richard",male,18.0,1,Mr,,0,0
426,7.25,S,3,0,A,N,1,7.0,"Wiseman, Mr. Phillippe",male,,0,Mr,,0,0
427,26.0,S,2,0,,N,1,26.0,"Clarke, Mrs. Charles V (Ada Maria Winfield)",female,28.0,1,Mrs,Ada Maria Winfield,1,1
428,26.0,S,2,0,,N,1,26.0,"Phillips, Miss. Kate Florence (""Mrs Kate Louise Phillips Marshall"")",female,19.0,0,Miss,,0,1
429,7.75,Q,3,0,,N,1,8.0,"Flynn, Mr. James",male,,0,Mr,,0,0
430,8.05,S,3,0,SOTON,E,1,8.0,"Pickard, Mr. Berk (Berk Trembisky)",male,32.0,0,Mr,Berk Trembisky,1,1
431,26.55,S,1,0,,C,1,27.0,"Bjornstrom-Steffansson, Mr. Mauritz Hakan",male,28.0,0,Mr,,0,1
432,16.1,S,3,0,,N,1,16.0,"Thorneycroft, Mrs. Percival (Florence Kate White)",female,,1,Mrs,Florence Kate White,1,1
433,26.0,S,2,0,SC,N,1,26.0,"Louch, Mrs. Charles Alexander (Alice Adelaide Slow)",female,42.0,1,Mrs,Alice Adelaide Slow,1,1
434,7.125,S,3,0,STON,N,1,7.0,"Kallio, Mr. Nikolai Erland",male,17.0,0,Mr,,0,0
435,55.9,S,1,0,,E,1,56.0,"Silvey, Mr. William Baird",male,50.0,1,Mr,,0,0
436,120.0,S,1,2,,B,2,120.0,"Carter, Miss. Lucile Polk",female,14.0,1,Miss,,0,1
437,34.375,S,3,2,W,N,1,34.0,"Ford, Miss. Doolina Margaret ""Daisy""",female,21.0,2,Miss,,0,0
438,18.75,S,2,3,,N,1,19.0,"Richards, Mrs. Sidney (Emily Hocking)",female,24.0,2,Mrs,Emily Hocking,1,1
439,263.0,S,1,4,,C,3,263.0,"Fortune, Mr. Mark",male,64.0,1,Mr,,0,0
440,10.5,S,2,0,C,N,1,11.0,"Kvillner, Mr. Johan Henrik Johannesson",male,31.0,0,Mr,,0,0
441,26.25,S,2,1,F,N,1,26.0,"Hart, Mrs. Benjamin (Esther Ada Bloomfield)",female,45.0,1,Mrs,Esther Ada Bloomfield,1,1
442,9.5,S,3,0,,N,1,10.0,"Hampe, Mr. Leon",male,20.0,0,Mr,,0,0
443,7.775,S,3,0,,N,1,8.0,"Petterson, Mr. Johan Emil",male,25.0,1,Mr,,0,0
444,13.0,S,2,0,,N,1,13.0,"Reynaldo, Ms. Encarnacion",female,28.0,0,Ms,,0,1
1,7.25,S,3,0,A,N,1,7.0,"Braund, Mr. Owen Harris",male,22.0,1,Mr,,0,0
2,71.2833,C,1,0,PC,C,1,71.0,"Cumings, Mrs. John Bradley (Florence Briggs Thayer)",female,38.0,1,Mrs,Florence Briggs Thayer,1,1
3,7.925,S,3,0,STON,N,1,8.0,"Heikkinen, Miss. Laina",female,26.0,0,Miss,,0,1
4,53.1,S,1,0,,C,1,53.0,"Futrelle, Mrs. Jacques Heath (Lily May Peel)",female,35.0,1,Mrs,Lily May Peel,1,1
5,8.05,S,3,0,,N,1,8.0,"Allen, Mr. William Henry",male,35.0,0,Mr,,0,0
6,8.4583,Q,3,0,,N,1,8.0,"Moran, Mr. James",male,,0,Mr,,0,0
7,51.8625,S,1,0,,E,1,52.0,"McCarthy, Mr. Timothy J",male,54.0,0,Mr,,0,0
8,21.075,S,3,1,,N,1,21.0,"Palsson, Master. Gosta Leonard",male,2.0,3,Master,,0,0
9,11.1333,S,3,2,,N,1,11.0,"Johnson, Mrs. Oscar W (Elisabeth Vilhelmina Berg)",female,27.0,0,Mrs,Elisabeth Vilhelmina Berg,1,1
10,30.0708,C,2,0,,N,1,30.0,"Nasser, Mrs. Nicholas (Adele Achem)",female,14.0,1,Mrs,Adele Achem,1,1
11,16.7,S,3,1,PP,G,1,17.0,"Sandstrom, Miss. Marguerite Rut",female,4.0,1,Miss,,0,1
12,26.55,S,1,0,,C,1,27.0,"Bonnell, Miss. Elizabeth",female,58.0,0,Miss,,0,1
13,8.05,S,3,0,A,N,1,8.0,"Saundercock, Mr. William Henry",male,20.0,0,Mr,,0,0
14,31.275,S,3,5,,N,1,31.0,"Andersson, Mr. Anders Johan",male,39.0,1,Mr,,0,0
15,7.8542,S,3,0,,N,1,8.0,"Vestrom, Miss. Hulda Amanda Adolfina",female,14.0,0,Miss,,0,0
16,16.0,S,2,0,,N,1,16.0,"Hewlett, Mrs. (Mary D Kingcome) ",female,55.0,0,Mrs,Mary D Kingcome,1,1
17,29.125,Q,3,1,,N,1,29.0,"Rice, Master. Eugene",male,2.0,4,Master,,0,0
18,13.0,S,2,0,,N,1,13.0,"Williams, Mr. Charles Eugene",male,,0,Mr,,0,1
19,18.0,S,3,0,,N,1,18.0,"Vander Planke, Mrs. Julius (Emelia Maria Vandemoortele)",female,31.0,1,Mrs,Emelia Maria Vandemoortele,1,0
20,7.225,C,3,0,,N,1,7.0,"Masselmani, Mrs. Fatima",female,,0,Mrs,,0,1
21,26.0,S,2,0,,N,1,26.0,"Fynney, Mr. Joseph J",male,35.0,0,Mr,,0,0
22,13.0,S,2,0,,D,1,13.0,"Beesley, Mr. Lawrence",male,34.0,0,Mr,,0,1
23,8.0292,Q,3,0,,N,1,8.0,"McGowan, Miss. Anna ""Annie""",female,15.0,0,Miss,,0,1
24,35.5,S,1,0,,A,1,36.0,"Sloper, Mr. William Thompson",male,28.0,0,Mr,,0,1
25,21.075,S,3,1,,N,1,21.0,"Palsson, Miss. Torborg Danira",female,8.0,3,Miss,,0,0
26,31.3875,S,3,5,,N,1,31.0,"Asplund, Mrs. Carl Oscar (Selma Augusta Emilia Johansson)",female,38.0,1,Mrs,Selma Augusta Emilia Johansson,1,1
27,7.225,C,3,0,,N,1,7.0,"Emir, Mr. Farred Chehab",male,,0,Mr,,0,0
28,263.0,S,1,2,,C,3,263.0,"Fortune, Mr. Charles Alexander",male,19.0,3,Mr,,0,0
29,7.8792,Q,3,0,,N,1,8.0,"O'Dwyer, Miss. Ellen ""Nellie""",female,,0,Miss,,0,1
30,7.8958,S,3,0,,N,1,8.0,"Todoroff, Mr. Lalio",male,,0,Mr,,0,0
31,27.7208,C,1,0,PC,N,1,28.0,"Uruchurtu, Don. Manuel E",male,40.0,0,Don,,0,0
32,146.5208,C,1,0,PC,B,1,147.0,"Spencer, Mrs. William Augustus (Marie Eugenie)",female,,1,Mrs,Marie Eugenie,1,1
33,7.75,Q,3,0,,N,1,8.0,"Glynn, Miss. Mary Agatha",female,,0,Miss,,0,1
34,10.5,S,2,0,C,N,1,11.0,"Wheadon, Mr. Edward H",male,66.0,0,Mr,,0,0
35,82.1708,C,1,0,PC,N,1,82.0,"Meyer, Mr. Edgar Joseph",male,28.0,1,Mr,,0,0
36,52.0,S,1,0,,N,1,52.0,"Holverson, Mr. Alexander Oskar",male,42.0,1,Mr,,0,0
37,7.2292,C,3,0,,N,1,7.0,"Mamee, Mr. Hanna",male,,0,Mr,,0,1
38,8.05,S,3,0,A,N,1,8.0,"Cann, Mr. Ernest Charles",male,21.0,0,Mr,,0,0
39,18.0,S,3,0,,N,1,18.0,"Vander Planke, Miss. Augusta Maria",female,18.0,2,Miss,,0,0
40,11.2417,C,3,0,,N,1,11.0,"Nicola-Yarred, Miss. Jamila",female,14.0,1,Miss,,0,1
41,9.475,S,3,0,,N,1,9.0,"Ahlin, Mrs. Johan (Johanna Persdotter Larsson)",female,40.0,1,Mrs,Johanna Persdotter Larsson,1,0
42,21.0,S,2,0,,N,1,21.0,"Turpin, Mrs. William John Robert (Dorothy Ann Wonnacott)",female,27.0,1,Mrs,Dorothy Ann Wonnacott,1,0
43,7.8958,C,3,0,,N,1,8.0,"Kraeff, Mr. Theodor",male,,0,Mr,,0,0
44,41.5792,C,2,2,SC,N,1,42.0,"Laroche, Miss. Simonne Marie Anne Andree",female,3.0,1,Miss,,0,1
45,7.8792,Q,3,0,,N,1,8.0,"Devaney, Miss. Margaret Delia",female,19.0,0,Miss,,0,1
46,8.05,S,3,0,S,N,1,8.0,"Rogers, Mr. William John",male,,0,Mr,,0,0
47,15.5,Q,3,0,,N,1,16.0,"Lennon, Mr. Denis",male,,1,Mr,,0,0
48,7.75,Q,3,0,,N,1,8.0,"O'Driscoll, Miss. Bridget",female,,0,Miss,,0,1
49,21.6792,C,3,0,,N,1,22.0,"Samaan, Mr. Youssef",male,,2,Mr,,0,0
50,17.8,S,3,0,,N,1,18.0,"Arnold-Franchi, Mrs. Josef (Josefine Franchi)",female,18.0,1,Mrs,Josefine Franchi,1,0
51,39.6875,S,3,1,,N,1,40.0,"Panula, Master. Juha Niilo",male,7.0,4,Master,,0,0
52,7.8,S,3,0,A,N,1,8.0,"Nosworthy, Mr. Richard Cater",male,21.0,0,Mr,,0,0
53,76.7292,C,1,0,PC,D,1,77.0,"Harper, Mrs. Henry Sleeper (Myna Haxtun)",female,49.0,1,Mrs,Myna Haxtun,1,1
54,26.0,S,2,0,,N,1,26.0,"Faunthorpe, Mrs. Lizzie (Elizabeth Anne Wilkinson)",female,29.0,1,Mrs,Elizabeth Anne Wilkinson,1,1
55,61.9792,C,1,1,,B,1,62.0,"Ostby, Mr. Engelhart Cornelius",male,65.0,0,Mr,,0,0
56,35.5,S,1,0,,C,1,36.0,"Woolner, Mr. Hugh",male,,0,Mr,,0,1
57,10.5,S,2,0,C,N,1,11.0,"Rugg, Miss. Emily",female,21.0,0,Miss,,0,1
58,7.2292,C,3,0,,N,1,7.0,"Novel, Mr. Mansouer",male,28.5,0,Mr,,0,0
59,27.75,S,2,2,C,N,1,28.0,"West, Miss. Constance Mirium",female,5.0,1,Miss,,0,1
60,46.9,S,3,2,CA,N,1,47.0,"Goodwin, Master. William Frederick",male,11.0,5,Master,,0,0
61,7.2292,C,3,0,,N,1,7.0,"Sirayanian, Mr. Orsen",male,22.0,0,Mr,,0,0
62,80.0,NaN,1,0,,B,1,80.0,"Icard, Miss. Amelie",female,38.0,0,Miss,,0,1
63,83.475,S,1,0,,C,1,83.0,"Harris, Mr. Henry Birkhardt",male,45.0,1,Mr,,0,0
64,27.9,S,3,2,,N,1,28.0,"Skoog, Master. Harald",male,4.0,3,Master,,0,0
65,27.7208,C,1,0,PC,N,1,28.0,"Stewart, Mr. Albert A",male,,0,Mr,,0,0
66,15.2458,C,3,1,,N,1,15.0,"Moubarek, Master. Gerios",male,,1,Master,,0,1
67,10.5,S,2,0,C,F,1,11.0,"Nye, Mrs. (Elizabeth Ramell)",female,29.0,0,Mrs,Elizabeth Ramell,1,1
68,8.1583,S,3,0,S,N,1,8.0,"Crease, Mr. Ernest James",male,19.0,0,Mr,,0,0
69,7.925,S,3,2,,N,1,8.0,"Andersson, Miss. Erna Alexandra",female,17.0,4,Miss,,0,1
70,8.6625,S,3,0,,N,1,9.0,"Kink, Mr. Vincenz",male,26.0,2,Mr,,0,0
71,10.5,S,2,0,C,N,1,11.0,"Jenkin, Mr. Stephen Curnow",male,32.0,0,Mr,,0,0
72,46.9,S,3,2,CA,N,1,47.0,"Goodwin, Miss. Lillian Amy",female,16.0,5,Miss,,0,0
73,73.5,S,2,0,S,N,1,74.0,"Hood, Mr. Ambrose Jr",male,21.0,0,Mr,,0,0
74,14.4542,C,3,0,,N,1,14.0,"Chronopoulos, Mr. Apostolos",male,26.0,1,Mr,,0,0
75,56.4958,S,3,0,,N,1,56.0,"Bing, Mr. Lee",male,32.0,0,Mr,,0,1
76,7.65,S,3,0,,F,2,8.0,"Moen, Mr. Sigurd Hansen",male,25.0,0,Mr,,0,0
77,7.8958,S,3,0,,N,1,8.0,"Staneff, Mr. Ivan",male,,0,Mr,,0,0
78,8.05,S,3,0,,N,1,8.0,"Moutal, Mr. Rahamin Haim",male,,0,Mr,,0,0
79,29.0,S,2,2,,N,1,29.0,"Caldwell, Master. Alden Gates",male,0.83,0,Master,,0,1
80,12.475,S,3,0,,N,1,12.0,"Dowdell, Miss. Elizabeth",female,30.0,0,Miss,,0,1
81,9.0,S,3,0,,N,1,9.0,"Waelens, Mr. Achille",male,22.0,0,Mr,,0,0
82,9.5,S,3,0,,N,1,10.0,"Sheerlinck, Mr. Jan Baptist",male,29.0,0,Mr,,0,1
83,7.7875,Q,3,0,,N,1,8.0,"McDermott, Miss. Brigdet Delia",female,,0,Miss,,0,1
84,47.1,S,1,0,,N,1,47.0,"Carrau, Mr. Francisco M",male,28.0,0,Mr,,0,0
85,10.5,S,2,0,SO,N,1,11.0,"Ilett, Miss. Bertha",female,17.0,0,Miss,,0,1
86,15.85,S,3,0,,N,1,16.0,"Backstrom, Mrs. Karl Alfred (Maria Mathilda Gustafsson)",female,33.0,3,Mrs,Maria Mathilda Gustafsson,1,1
87,34.375,S,3,3,W,N,1,34.0,"Ford, Mr. William Neal",male,16.0,1,Mr,,0,0
88,8.05,S,3,0,SOTON,N,1,8.0,"Slocovski, Mr. Selman Francis",male,,0,Mr,,0,0
89,263.0,S,1,2,,C,3,263.0,"Fortune, Miss. Mabel Helen",female,23.0,3,Miss,,0,1
90,8.05,S,3,0,,N,1,8.0,"Celotti, Mr. Francesco",male,24.0,0,Mr,,0,0
91,8.05,S,3,0,,N,1,8.0,"Christmann, Mr. Emil",male,29.0,0,Mr,,0,0
92,7.8542,S,3,0,,N,1,8.0,"Andreasson, Mr. Paul Edvin",male,20.0,0,Mr,,0,0
93,61.175,S,1,0,W,E,1,61.0,"Chaffee, Mr. Herbert Fuller",male,46.0,1,Mr,,0,0
94,20.575,S,3,2,C,N,1,21.0,"Dean, Mr. Bertram Frank",male,26.0,1,Mr,,0,0
95,7.25,S,3,0,,N,1,7.0,"Coxon, Mr. Daniel",male,59.0,0,Mr,,0,0
96,8.05,S,3,0,,N,1,8.0,"Shorney, Mr. Charles Joseph",male,,0,Mr,,0,0
97,34.6542,C,1,0,PC,A,1,35.0,"Goldschmidt, Mr. George B",male,71.0,0,Mr,,0,0
98,63.3583,C,1,1,PC,D,2,63.0,"Greenfield, Mr. William Bertram",male,23.0,0,Mr,,0,1
99,23.0,S,2,1,,N,1,23.0,"Doling, Mrs. John T (Ada Julia Bone)",female,34.0,0,Mrs,Ada Julia Bone,1,1
100,26.0,S,2,0,,N,1,26.0,"Kantor, Mr. Sinai",male,34.0,1,Mr,,0,0
101,7.8958,S,3,0,,N,1,8.0,"Petranec, Miss. Matilda",female,28.0,0,Miss,,0,0
102,7.8958,S,3,0,,N,1,8.0,"Petroff, Mr. Pastcho (""Pentcho"")",male,,0,Mr,,0,0
103,77.2875,S,1,1,,D,1,77.0,"White, Mr. Richard Frasar",male,21.0,0,Mr,,0,0
104,8.6542,S,3,0,,N,1,9.0,"Johansson, Mr. Gustaf Joel",male,33.0,0,Mr,,0,0
105,7.925,S,3,0,,N,1,8.0,"Gustafsson, Mr. Anders Vilhelm",male,37.0,2,Mr,,0,0
106,7.8958,S,3,0,,N,1,8.0,"Mionoff, Mr. Stoytcho",male,28.0,0,Mr,,0,0
107,7.65,S,3,0,,N,1,8.0,"Salkjelsvik, Miss. Anna Kristine",female,21.0,0,Miss,,0,1
108,7.775,S,3,0,,N,1,8.0,"Moss, Mr. Albert Johan",male,,0,Mr,,0,1
109,7.8958,S,3,0,,N,1,8.0,"Rekic, Mr. Tido",male,38.0,0,Mr,,0,0
110,24.15,Q,3,0,,N,1,24.0,"Moran, Miss. Bertha",female,,1,Miss,,0,1
111,52.0,S,1,0,,C,1,52.0,"Porter, Mr. Walter Chamberlain",male,47.0,0,Mr,,0,0
112,14.4542,C,3,0,,N,1,14.0,"Zabour, Miss. Hileni",female,14.5,1,Miss,,0,0
113,8.05,S,3,0,,N,1,8.0,"Barton, Mr. David John",male,22.0,0,Mr,,0,0
114,9.825,S,3,0,,N,1,10.0,"Jussila, Miss. Katriina",female,20.0,1,Miss,,0,0
115,14.4583,C,3,0,,N,1,14.0,"Attalah, Miss. Malake",female,17.0,0,Miss,,0,0
116,7.925,S,3,0,STON,N,1,8.0,"Pekoniemi, Mr. Edvard",male,21.0,0,Mr,,0,0
117,7.75,Q,3,0,,N,1,8.0,"Connors, Mr. Patrick",male,70.5,0,Mr,,0,0
118,21.0,S,2,0,,N,1,21.0,"Turpin, Mr. William John Robert",male,29.0,1,Mr,,0,0
119,247.5208,C,1,1,PC,B,2,248.0,"Baxter, Mr. Quigg Edmond",male,24.0,0,Mr,,0,0
120,31.275,S,3,2,,N,1,31.0,"Andersson, Miss. Ellis Anna Maria",female,2.0,4,Miss,,0,0
121,73.5,S,2,0,S,N,1,74.0,"Hickman, Mr. Stanley George",male,21.0,2,Mr,,0,0
122,8.05,S,3,0,A,N,1,8.0,"Moore, Mr. Leonard Charles",male,,0,Mr,,0,0
123,30.0708,C,2,0,,N,1,30.0,"Nasser, Mr. Nicholas",male,32.5,1,Mr,,0,0
124,13.0,S,2,0,,E,1,13.0,"Webber, Miss. Susan",female,32.5,0,Miss,,0,1
125,77.2875,S,1,1,,D,1,77.0,"White, Mr. Percival Wayland",male,54.0,0,Mr,,0,0
126,11.2417,C,3,0,,N,1,11.0,"Nicola-Yarred, Master. Elias",male,12.0,1,Master,,0,1
127,7.75,Q,3,0,,N,1,8.0,"McMahon, Mr. Martin",male,,0,Mr,,0,0
128,7.1417,S,3,0,C,N,1,7.0,"Madsen, Mr. Fridtjof Arne",male,24.0,0,Mr,,0,1
129,22.3583,C,3,1,,F,2,22.0,"Peter, Miss. Anna",female,,1,Miss,,0,1
130,6.975,S,3,0,,N,1,7.0,"Ekstrom, Mr. Johan",male,45.0,0,Mr,,0,0
131,7.8958,C,3,0,,N,1,8.0,"Drazenoic, Mr. Jozef",male,33.0,0,Mr,,0,0
132,7.05,S,3,0,SOTON,N,1,7.0,"Coelho, Mr. Domingos Fernandeo",male,20.0,0,Mr,,0,0
133,14.5,S,3,0,A,N,1,15.0,"Robins, Mrs. Alexander A (Grace Charity Laury)",female,47.0,1,Mrs,Grace Charity Laury,1,0
134,26.0,S,2,0,,N,1,26.0,"Weisz, Mrs. Leopold (Mathilde Francoise Pede)",female,29.0,1,Mrs,Mathilde Francoise Pede,1,1
135,13.0,S,2,0,C,N,1,13.0,"Sobey, Mr. Samuel James Hayden",male,25.0,0,Mr,,0,0
136,15.0458,C,2,0,SC,N,1,15.0,"Richard, Mr. Emile",male,23.0,0,Mr,,0,0
137,26.2833,S,1,2,,D,1,26.0,"Newsom, Miss. Helen Monypeny",female,19.0,0,Miss,,0,1
138,53.1,S,1,0,,C,1,53.0,"Futrelle, Mr. Jacques Heath",male,37.0,1,Mr,,0,0
139,9.2167,S,3,0,,N,1,9.0,"Osen, Mr. Olaf Elon",male,16.0,0,Mr,,0,0
140,79.2,C,1,0,PC,B,1,79.0,"Giglio, Mr. Victor",male,24.0,0,Mr,,0,0
141,15.2458,C,3,2,,N,1,15.0,"Boulos, Mrs. Joseph (Sultana)",female,,0,Mrs,Sultana,1,0
142,7.75,S,3,0,,N,1,8.0,"Nysten, Miss. Anna Sofia",female,22.0,0,Miss,,0,1
143,15.85,S,3,0,STON,N,1,16.0,"Hakkarainen, Mrs. Pekka Pietari (Elin Matilda Dolck)",female,24.0,1,Mrs,Elin Matilda Dolck,1,1
144,6.75,Q,3,0,,N,1,7.0,"Burke, Mr. Jeremiah",male,19.0,0,Mr,,0,0
145,11.5,S,2,0,,N,1,12.0,"Andrew, Mr. Edgardo Samuel",male,18.0,0,Mr,,0,0
146,36.75,S,2,1,C,N,1,37.0,"Nicholls, Mr. Joseph Charles",male,19.0,1,Mr,,0,0
147,7.7958,S,3,0,,N,1,8.0,"Andersson, Mr. August Edvard (""Wennerstrom"")",male,27.0,0,Mr,,0,1
148,34.375,S,3,2,W,N,1,34.0,"Ford, Miss. Robina Maggie ""Ruby""",female,9.0,2,Miss,,0,0
149,26.0,S,2,2,,F,1,26.0,"Navratil, Mr. Michel (""Louis M Hoffman"")",male,36.5,0,Mr,,0,0
150,13.0,S,2,0,,N,1,13.0,"Byles, Rev. Thomas Roussel Davids",male,42.0,0,Rev,,0,0
151,12.525,S,2,0,S,N,1,13.0,"Bateman, Rev. Robert James",male,51.0,0,Rev,,0,0
152,66.6,S,1,0,,C,1,67.0,"Pears, Mrs. Thomas (Edith Wearne)",female,22.0,1,Mrs,Edith Wearne,1,1
153,8.05,S,3,0,A,N,1,8.0,"Meo, Mr. Alfonzo",male,55.5,0,Mr,,0,0
154,14.5,S,3,2,A,N,1,15.0,"van Billiard, Mr. Austin Blyler",male,40.5,0,Mr,,0,0
155,7.3125,S,3,0,FA,N,1,7.0,"Olsen, Mr. Ole Martin",male,,0,Mr,,0,0
156,61.3792,C,1,1,PC,N,1,61.0,"Williams, Mr. Charles Duane",male,51.0,0,Mr,,0,0
157,7.7333,Q,3,0,,N,1,8.0,"Gilnagh, Miss. Katherine ""Katie""",female,16.0,0,Miss,,0,1
158,8.05,S,3,0,SOTON,N,1,8.0,"Corn, Mr. Harry",male,30.0,0,Mr,,0,0
159,8.6625,S,3,0,,N,1,9.0,"Smiljanic, Mr. Mile",male,,0,Mr,,0,0
160,69.55,S,3,2,CA,N,1,70.0,"Sage, Master. Thomas Henry",male,,8,Master,,0,0
161,16.1,S,3,1,,N,1,16.0,"Cribb, Mr. John Hatfield",male,44.0,0,Mr,,0,0
162,15.75,S,2,0,C,N,1,16.0,"Watt, Mrs. James (Elizabeth ""Bessie"" Inglis Milne)",female,40.0,0,Mrs,,0,1
163,7.775,S,3,0,,N,1,8.0,"Bengtsson, Mr. John Viktor",male,26.0,0,Mr,,0,0
164,8.6625,S,3,0,,N,1,9.0,"Calic, Mr. Jovo",male,17.0,0,Mr,,0,0
165,39.6875,S,3,1,,N,1,40.0,"Panula, Master. Eino Viljami",male,1.0,4,Master,,0,0
166,20.525,S,3,2,,N,1,21.0,"Goldsmith, Master. Frank John William ""Frankie""",male,9.0,0,Master,,0,1
167,55.0,S,1,1,,E,1,55.0,"Chibnall, Mrs. (Edith Martha Bowerman)",female,,0,Mrs,Edith Martha Bowerman,1,1
168,27.9,S,3,4,,N,1,28.0,"Skoog, Mrs. William (Anna Bernhardina Karlsson)",female,45.0,1,Mrs,Anna Bernhardina Karlsson,1,0
169,25.925,S,1,0,PC,N,1,26.0,"Baumann, Mr. John D",male,,0,Mr,,0,0
170,56.4958,S,3,0,,N,1,56.0,"Ling, Mr. Lee",male,28.0,0,Mr,,0,0
171,33.5,S,1,0,,B,1,34.0,"Van der hoef, Mr. Wyckoff",male,61.0,0,Mr,,0,0
172,29.125,Q,3,1,,N,1,29.0,"Rice, Master. Arthur",male,4.0,4,Master,,0,0
173,11.1333,S,3,1,,N,1,11.0,"Johnson, Miss. Eleanor Ileen",female,1.0,1,Miss,,0,1
174,7.925,S,3,0,STON,N,1,8.0,"Sivola, Mr. Antti Wilhelm",male,21.0,0,Mr,,0,0
175,30.6958,C,1,0,,A,1,31.0,"Smith, Mr. James Clinch",male,56.0,0,Mr,,0,0
176,7.8542,S,3,1,,N,1,8.0,"Klasen, Mr. Klas Albin",male,18.0,1,Mr,,0,0
177,25.4667,S,3,1,,N,1,25.0,"Lefebre, Master. Henry Forbes",male,,3,Master,,0,0
178,28.7125,C,1,0,PC,C,1,29.0,"Isham, Miss. Ann Elizabeth",female,50.0,0,Miss,,0,0
179,13.0,S,2,0,,N,1,13.0,"Hale, Mr. Reginald",male,30.0,0,Mr,,0,0
180,0.0,S,3,0,LINE,N,1,0.0,"Leonard, Mr. Lionel",male,36.0,0,Mr,,0,0
181,69.55,S,3,2,CA,N,1,70.0,"Sage, Miss. Constance Gladys",female,,8,Miss,,0,0
182,15.05,C,2,0,SC,N,1,15.0,"Pernot, Mr. Rene",male,,0,Mr,,0,0
183,31.3875,S,3,2,,N,1,31.0,"Asplund, Master. Clarence Gustaf Hugo",male,9.0,4,Master,,0,0
184,39.0,S,2,1,,F,1,39.0,"Becker, Master. Richard F",male,1.0,2,Master,,0,1
185,22.025,S,3,2,,N,1,22.0,"Kink-Heilmann, Miss. Luise Gretchen",female,4.0,0,Miss,,0,1
186,50.0,S,1,0,,A,1,50.0,"Rood, Mr. Hugh Roscoe",male,,0,Mr,,0,0
187,15.5,Q,3,0,,N,1,16.0,"O'Brien, Mrs. Thomas (Johanna ""Hannah"" Godfrey)",female,,1,Mrs,,0,1
188,26.55,S,1,0,,N,1,27.0,"Romaine, Mr. Charles Hallace (""Mr C Rolmane"")",male,45.0,0,Mr,,0,1
189,15.5,Q,3,1,,N,1,16.0,"Bourke, Mr. John",male,40.0,1,Mr,,0,0
190,7.8958,S,3,0,,N,1,8.0,"Turcin, Mr. Stjepan",male,36.0,0,Mr,,0,0
191,13.0,S,2,0,,N,1,13.0,"Pinsky, Mrs. (Rosa)",female,32.0,0,Mrs,Rosa,1,1
192,13.0,S,2,0,,N,1,13.0,"Carbines, Mr. William",male,19.0,0,Mr,,0,0
193,7.8542,S,3,0,,N,1,8.0,"Andersen-Jensen, Miss. Carla Christine Nielsine",female,19.0,1,Miss,,0,1
194,26.0,S,2,1,,F,1,26.0,"Navratil, Master. Michel M",male,3.0,1,Master,,0,1
195,27.7208,C,1,0,PC,B,1,28.0,"Brown, Mrs. James Joseph (Margaret Tobin)",female,44.0,0,Mrs,Margaret Tobin,1,1
196,146.5208,C,1,0,PC,B,1,147.0,"Lurette, Miss. Elise",female,58.0,0,Miss,,0,1
197,7.75,Q,3,0,,N,1,8.0,"Mernagh, Mr. Robert",male,,0,Mr,,0,0
198,8.4042,S,3,1,,N,1,8.0,"Olsen, Mr. Karl Siegwart Andreas",male,42.0,0,Mr,,0,0
199,7.75,Q,3,0,,N,1,8.0,"Madigan, Miss. Margaret ""Maggie""",female,,0,Miss,,0,1
200,13.0,S,2,0,,N,1,13.0,"Yrois, Miss. Henriette (""Mrs Harbeck"")",female,24.0,0,Miss,,0,0
201,9.5,S,3,0,,N,1,10.0,"Vande Walle, Mr. Nestor Cyriel",male,28.0,0,Mr,,0,0
202,69.55,S,3,2,CA,N,1,70.0,"Sage, Mr. Frederick",male,,8,Mr,,0,0
203,6.4958,S,3,0,,N,1,6.0,"Johanson, Mr. Jakob Alfred",male,34.0,0,Mr,,0,0
204,7.225,C,3,0,,N,1,7.0,"Youseff, Mr. Gerious",male,45.5,0,Mr,,0,0
205,8.05,S,3,0,A,N,1,8.0,"Cohen, Mr. Gurshon ""Gus""",male,18.0,0,Mr,,0,1
206,10.4625,S,3,1,,G,1,10.0,"Strom, Miss. Telma Matilda",female,2.0,0,Miss,,0,0
207,15.85,S,3,0,,N,1,16.0,"Backstrom, Mr. Karl Alfred",male,32.0,1,Mr,,0,0
208,18.7875,C,3,0,,N,1,19.0,"Albimona, Mr. Nassef Cassem",male,26.0,0,Mr,,0,1
209,7.75,Q,3,0,,N,1,8.0,"Carr, Miss. Helen ""Ellen""",female,16.0,0,Miss,,0,1
210,31.0,C,1,0,,A,1,31.0,"Blank, Mr. Henry",male,40.0,0,Mr,,0,1
211,7.05,S,3,0,SOTON,N,1,7.0,"Ali, Mr. Ahmed",male,24.0,0,Mr,,0,0
212,21.0,S,2,0,F,N,1,21.0,"Cameron, Miss. Clear Annie",female,35.0,0,Miss,,0,1
213,7.25,S,3,0,A,N,1,7.0,"Perkin, Mr. John Henry",male,22.0,0,Mr,,0,0
214,13.0,S,2,0,,N,1,13.0,"Givard, Mr. Hans Kristensen",male,30.0,0,Mr,,0,0
215,7.75,Q,3,0,,N,1,8.0,"Kiernan, Mr. Philip",male,,1,Mr,,0,0
216,113.275,C,1,0,,D,1,113.0,"Newell, Miss. Madeleine",female,31.0,1,Miss,,0,1
217,7.925,S,3,0,STON,N,1,8.0,"Honkanen, Miss. Eliina",female,27.0,0,Miss,,0,1
218,27.0,S,2,0,,N,1,27.0,"Jacobsohn, Mr. Sidney Samuel",male,42.0,1,Mr,,0,0
219,76.2917,C,1,0,,D,1,76.0,"Bazzani, Miss. Albina",female,32.0,0,Miss,,0,1
220,10.5,S,2,0,W,N,1,11.0,"Harris, Mr. Walter",male,30.0,0,Mr,,0,0
221,8.05,S,3,0,SOTON,N,1,8.0,"Sunderland, Mr. Victor Francis",male,16.0,0,Mr,,0,1
222,13.0,S,2,0,,N,1,13.0,"Bracken, Mr. James H",male,27.0,0,Mr,,0,0
445,8.1125,S,3,0,,N,1,8.0,"Johannesen-Bratthammer, Mr. Bernt",male,,0,Mr,,0,1
446,81.8583,S,1,2,,A,1,82.0,"Dodge, Master. Washington",male,4.0,0,Master,,0,1
447,19.5,S,2,1,,N,1,20.0,"Mellinger, Miss. Madeleine Violet",female,13.0,0,Miss,,0,1
448,26.55,S,1,0,,N,1,27.0,"Seward, Mr. Frederic Kimber",male,34.0,0,Mr,,0,1
449,19.2583,C,3,1,,N,1,19.0,"Baclini, Miss. Marie Catherine",female,5.0,2,Miss,,0,1
450,30.5,S,1,0,,C,1,31.0,"Peuchen, Major. Arthur Godfrey",male,52.0,0,Major,,0,1
451,27.75,S,2,2,C,N,1,28.0,"West, Mr. Edwy Arthur",male,36.0,1,Mr,,0,0
452,19.9667,S,3,0,,N,1,20.0,"Hagland, Mr. Ingvald Olai Olsen",male,,1,Mr,,0,0
453,27.75,C,1,0,,C,1,28.0,"Foreman, Mr. Benjamin Laventall",male,30.0,0,Mr,,0,0
454,89.1042,C,1,0,,C,1,89.0,"Goldenberg, Mr. Samuel L",male,49.0,1,Mr,,0,1
455,8.05,S,3,0,A,N,1,8.0,"Peduzzi, Mr. Joseph",male,,0,Mr,,0,0
456,7.8958,C,3,0,,N,1,8.0,"Jalsevac, Mr. Ivan",male,29.0,0,Mr,,0,1
457,26.55,S,1,0,,E,1,27.0,"Millet, Mr. Francis Davis",male,65.0,0,Mr,,0,0
458,51.8625,S,1,0,,D,1,52.0,"Kenyon, Mrs. Frederick R (Marion)",female,,1,Mrs,Marion,1,1
459,10.5,S,2,0,F,N,1,11.0,"Toomey, Miss. Ellen",female,50.0,0,Miss,,0,1
460,7.75,Q,3,0,,N,1,8.0,"O'Connor, Mr. Maurice",male,,0,Mr,,0,0
461,26.55,S,1,0,,E,1,27.0,"Anderson, Mr. Harry",male,48.0,0,Mr,,0,1
462,8.05,S,3,0,,N,1,8.0,"Morley, Mr. William",male,34.0,0,Mr,,0,0
463,38.5,S,1,0,,E,1,39.0,"Gee, Mr. Arthur H",male,47.0,0,Mr,,0,0
464,13.0,S,2,0,,N,1,13.0,"Milling, Mr. Jacob Christian",male,48.0,0,Mr,,0,0
465,8.05,S,3,0,A,N,1,8.0,"Maisner, Mr. Simon",male,,0,Mr,,0,0
466,7.05,S,3,0,SOTON,N,1,7.0,"Goncalves, Mr. Manuel Estanslas",male,38.0,0,Mr,,0,0
467,0.0,S,2,0,,N,1,0.0,"Campbell, Mr. William",male,,0,Mr,,0,0
468,26.55,S,1,0,,N,1,27.0,"Smart, Mr. John Montgomery",male,56.0,0,Mr,,0,0
469,7.725,Q,3,0,,N,1,8.0,"Scanlan, Mr. James",male,,0,Mr,,0,0
470,19.2583,C,3,1,,N,1,19.0,"Baclini, Miss. Helene Barbara",female,0.75,2,Miss,,0,1
471,7.25,S,3,0,,N,1,7.0,"Keefe, Mr. Arthur",male,,0,Mr,,0,0
472,8.6625,S,3,0,,N,1,9.0,"Cacic, Mr. Luka",male,38.0,0,Mr,,0,0
473,27.75,S,2,2,C,N,1,28.0,"West, Mrs. Edwy Arthur (Ada Mary Worth)",female,33.0,1,Mrs,Ada Mary Worth,1,1
474,13.7917,C,2,0,SC,D,1,14.0,"Jerwan, Mrs. Amin S (Marie Marthe Thuillard)",female,23.0,0,Mrs,Marie Marthe Thuillard,1,1
475,9.8375,S,3,0,,N,1,10.0,"Strandberg, Miss. Ida Sofia",female,22.0,0,Miss,,0,0
476,52.0,S,1,0,,A,1,52.0,"Clifford, Mr. George Quincy",male,,0,Mr,,0,0
477,21.0,S,2,0,,N,1,21.0,"Renouf, Mr. Peter Henry",male,34.0,1,Mr,,0,0
478,7.0458,S,3,0,,N,1,7.0,"Braund, Mr. Lewis Richard",male,29.0,1,Mr,,0,0
479,7.5208,S,3,0,,N,1,8.0,"Karlsson, Mr. Nils August",male,22.0,0,Mr,,0,0
480,12.2875,S,3,1,,N,1,12.0,"Hirvonen, Miss. Hildur E",female,2.0,0,Miss,,0,1
481,46.9,S,3,2,CA,N,1,47.0,"Goodwin, Master. Harold Victor",male,9.0,5,Master,,0,0
482,0.0,S,2,0,,N,1,0.0,"Frost, Mr. Anthony Wood ""Archie""",male,,0,Mr,,0,0
483,8.05,S,3,0,A,N,1,8.0,"Rouse, Mr. Richard Henry",male,50.0,0,Mr,,0,0
484,9.5875,S,3,0,,N,1,10.0,"Turkula, Mrs. (Hedwig)",female,63.0,0,Mrs,Hedwig,1,1
485,91.0792,C,1,0,,B,1,91.0,"Bishop, Mr. Dickinson H",male,25.0,1,Mr,,0,1
486,25.4667,S,3,1,,N,1,25.0,"Lefebre, Miss. Jeannie",female,,3,Miss,,0,0
487,90.0,S,1,0,,C,1,90.0,"Hoyt, Mrs. Frederick Maxfield (Jane Anne Forby)",female,35.0,1,Mrs,Jane Anne Forby,1,1
488,29.7,C,1,0,,B,1,30.0,"Kent, Mr. Edward Austin",male,58.0,0,Mr,,0,0
489,8.05,S,3,0,A,N,1,8.0,"Somerton, Mr. Francis William",male,30.0,0,Mr,,0,0
490,15.9,S,3,1,C,N,1,16.0,"Coutts, Master. Eden Leslie ""Neville""",male,9.0,1,Master,,0,1
491,19.9667,S,3,0,,N,1,20.0,"Hagland, Mr. Konrad Mathias Reiersen",male,,1,Mr,,0,0
492,7.25,S,3,0,SOTON,N,1,7.0,"Windelov, Mr. Einar",male,21.0,0,Mr,,0,0
493,30.5,S,1,0,,C,1,31.0,"Molson, Mr. Harry Markland",male,55.0,0,Mr,,0,0
494,49.5042,C,1,0,PC,N,1,50.0,"Artagaveytia, Mr. Ramon",male,71.0,0,Mr,,0,0
495,8.05,S,3,0,A,N,1,8.0,"Stanley, Mr. Edward Roland",male,21.0,0,Mr,,0,0
496,14.4583,C,3,0,,N,1,14.0,"Yousseff, Mr. Gerious",male,,0,Mr,,0,0
497,78.2667,C,1,0,,D,1,78.0,"Eustis, Miss. Elizabeth Mussey",female,54.0,1,Miss,,0,1
498,15.1,S,3,0,C,N,1,15.0,"Shellard, Mr. Frederick William",male,,0,Mr,,0,0
499,151.55,S,1,2,,C,2,152.0,"Allison, Mrs. Hudson J C (Bessie Waldo Daniels)",female,25.0,1,Mrs,Bessie Waldo Daniels,1,0
500,7.7958,S,3,0,,N,1,8.0,"Svensson, Mr. Olof",male,24.0,0,Mr,,0,0
501,8.6625,S,3,0,,N,1,9.0,"Calic, Mr. Petar",male,17.0,0,Mr,,0,0
502,7.75,Q,3,0,,N,1,8.0,"Canavan, Miss. Mary",female,21.0,0,Miss,,0,0
503,7.6292,Q,3,0,,N,1,8.0,"O'Sullivan, Miss. Bridget Mary",female,,0,Miss,,0,0
504,9.5875,S,3,0,,N,1,10.0,"Laitinen, Miss. Kristina Sofia",female,37.0,0,Miss,,0,0
505,86.5,S,1,0,,B,1,87.0,"Maioni, Miss. Roberta",female,16.0,0,Miss,,0,1
506,108.9,C,1,0,PC,C,1,109.0,"Penasco y Castellana, Mr. Victor de Satode",male,18.0,1,Mr,,0,0
507,26.0,S,2,2,,N,1,26.0,"Quick, Mrs. Frederick Charles (Jane Richards)",female,33.0,0,Mrs,Jane Richards,1,1
508,26.55,S,1,0,,N,1,27.0,"Bradley, Mr. George (""George Arthur Brayton"")",male,,0,Mr,,0,1
509,22.525,S,3,0,C,N,1,23.0,"Olsen, Mr. Henry Margido",male,28.0,0,Mr,,0,0
510,56.4958,S,3,0,,N,1,56.0,"Lang, Mr. Fang",male,26.0,0,Mr,,0,1
511,7.75,Q,3,0,,N,1,8.0,"Daly, Mr. Eugene Patrick",male,29.0,0,Mr,,0,1
512,8.05,S,3,0,SOTON,N,1,8.0,"Webber, Mr. James",male,,0,Mr,,0,0
513,26.2875,S,1,0,PC,E,1,26.0,"McGough, Mr. James Robert",male,36.0,0,Mr,,0,1
514,59.4,C,1,0,PC,N,1,59.0,"Rothschild, Mrs. Martin (Elizabeth L. Barrett)",female,54.0,1,Mrs,,0,1
515,7.4958,S,3,0,,N,1,7.0,"Coleff, Mr. Satio",male,24.0,0,Mr,,0,0
516,34.0208,S,1,0,,D,1,34.0,"Walker, Mr. William Anderson",male,47.0,0,Mr,,0,0
517,10.5,S,2,0,C,F,1,11.0,"Lemore, Mrs. (Amelia Milley)",female,34.0,0,Mrs,Amelia Milley,1,1
518,24.15,Q,3,0,,N,1,24.0,"Ryan, Mr. Patrick",male,,0,Mr,,0,0
519,26.0,S,2,0,,N,1,26.0,"Angle, Mrs. William A (Florence ""Mary"" Agnes Hughes)",female,36.0,1,Mrs,,0,1
520,7.8958,S,3,0,,N,1,8.0,"Pavlovic, Mr. Stefo",male,32.0,0,Mr,,0,0
521,93.5,S,1,0,,B,1,94.0,"Perreault, Miss. Anne",female,30.0,0,Miss,,0,1
522,7.8958,S,3,0,,N,1,8.0,"Vovk, Mr. Janko",male,22.0,0,Mr,,0,0
523,7.225,C,3,0,,N,1,7.0,"Lahoud, Mr. Sarkis",male,,0,Mr,,0,0
524,57.9792,C,1,1,,B,1,58.0,"Hippach, Mrs. Louis Albert (Ida Sophia Fischer)",female,44.0,0,Mrs,Ida Sophia Fischer,1,1
525,7.2292,C,3,0,,N,1,7.0,"Kassem, Mr. Fared",male,,0,Mr,,0,0
526,7.75,Q,3,0,,N,1,8.0,"Farrell, Mr. James",male,40.5,0,Mr,,0,0
527,10.5,S,2,0,W,N,1,11.0,"Ridsdale, Miss. Lucy",female,50.0,0,Miss,,0,1
528,221.7792,S,1,0,PC,C,1,222.0,"Farthing, Mr. John",male,,0,Mr,,0,0
529,7.925,S,3,0,,N,1,8.0,"Salonen, Mr. Johan Werner",male,39.0,0,Mr,,0,0
530,11.5,S,2,1,,N,1,12.0,"Hocking, Mr. Richard George",male,23.0,2,Mr,,0,0
531,26.0,S,2,1,,N,1,26.0,"Quick, Miss. Phyllis May",female,2.0,1,Miss,,0,1
532,7.2292,C,3,0,,N,1,7.0,"Toufik, Mr. Nakli",male,,0,Mr,,0,0
533,7.2292,C,3,1,,N,1,7.0,"Elias, Mr. Joseph Jr",male,17.0,1,Mr,,0,0
534,22.3583,C,3,2,,N,1,22.0,"Peter, Mrs. Catherine (Catherine Rizk)",female,,0,Mrs,Catherine Rizk,1,1
535,8.6625,S,3,0,,N,1,9.0,"Cacic, Miss. Marija",female,30.0,0,Miss,,0,0
536,26.25,S,2,2,F,N,1,26.0,"Hart, Miss. Eva Miriam",female,7.0,0,Miss,,0,1
537,26.55,S,1,0,,B,1,27.0,"Butt, Major. Archibald Willingham",male,45.0,0,Major,,0,0
538,106.425,C,1,0,PC,N,1,106.0,"LeRoy, Miss. Bertha",female,30.0,0,Miss,,0,1
539,14.5,S,3,0,,N,1,15.0,"Risien, Mr. Samuel Beard",male,,0,Mr,,0,0
540,49.5,C,1,2,,B,1,50.0,"Frolicher, Miss. Hedwig Margaritha",female,22.0,0,Miss,,0,1
541,71.0,S,1,2,WE,B,1,71.0,"Crosby, Miss. Harriet R",female,36.0,0,Miss,,0,1
542,31.275,S,3,2,,N,1,31.0,"Andersson, Miss. Ingeborg Constanzia",female,9.0,4,Miss,,0,0
543,31.275,S,3,2,,N,1,31.0,"Andersson, Miss. Sigrid Elisabeth",female,11.0,4,Miss,,0,0
544,26.0,S,2,0,,N,1,26.0,"Beane, Mr. Edward",male,32.0,1,Mr,,0,1
545,106.425,C,1,0,PC,C,1,106.0,"Douglas, Mr. Walter Donald",male,50.0,1,Mr,,0,0
546,26.0,S,1,0,,N,1,26.0,"Nicholson, Mr. Arthur Ernest",male,64.0,0,Mr,,0,0
547,26.0,S,2,0,,N,1,26.0,"Beane, Mrs. Edward (Ethel Clarke)",female,19.0,1,Mrs,Ethel Clarke,1,1
548,13.8625,C,2,0,SC,N,1,14.0,"Padro y Manent, Mr. Julian",male,,0,Mr,,0,1
549,20.525,S,3,1,,N,1,21.0,"Goldsmith, Mr. Frank John",male,33.0,1,Mr,,0,0
550,36.75,S,2,1,C,N,1,37.0,"Davies, Master. John Morgan Jr",male,8.0,1,Master,,0,1
551,110.8833,C,1,2,,C,1,111.0,"Thayer, Mr. John Borland Jr",male,17.0,0,Mr,,0,1
552,26.0,S,2,0,,N,1,26.0,"Sharp, Mr. Percival James R",male,27.0,0,Mr,,0,0
553,7.8292,Q,3,0,,N,1,8.0,"O'Brien, Mr. Timothy",male,,0,Mr,,0,0
554,7.225,C,3,0,,N,1,7.0,"Leeni, Mr. Fahim (""Philip Zenni"")",male,22.0,0,Mr,,0,1
555,7.775,S,3,0,,N,1,8.0,"Ohman, Miss. Velin",female,22.0,0,Miss,,0,1
556,26.55,S,1,0,,N,1,27.0,"Wright, Mr. George",male,62.0,0,Mr,,0,0
557,39.6,C,1,0,,A,1,40.0,"Duff Gordon, Lady. (Lucille Christiana Sutherland) (""Mrs Morgan"")",female,48.0,1,Lady,Lucille Christiana Sutherland,1,1
558,227.525,C,1,0,PC,N,1,228.0,"Robbins, Mr. Victor",male,,0,Mr,,0,0
559,79.65,S,1,1,,E,1,80.0,"Taussig, Mrs. Emil (Tillie Mandelbaum)",female,39.0,1,Mrs,Tillie Mandelbaum,1,1
560,17.4,S,3,0,,N,1,17.0,"de Messemaeker, Mrs. Guillaume Joseph (Emma)",female,36.0,1,Mrs,Emma,1,1
561,7.75,Q,3,0,,N,1,8.0,"Morrow, Mr. Thomas Rowan",male,,0,Mr,,0,0
562,7.8958,S,3,0,,N,1,8.0,"Sivic, Mr. Husein",male,40.0,0,Mr,,0,0
563,13.5,S,2,0,,N,1,14.0,"Norman, Mr. Robert Douglas",male,28.0,0,Mr,,0,0
564,8.05,S,3,0,SOTON,N,1,8.0,"Simmons, Mr. John",male,,0,Mr,,0,0
565,8.05,S,3,0,SOTON,N,1,8.0,"Meanwell, Miss. (Marion Ogden)",female,,0,Miss,Marion Ogden,1,0
566,24.15,S,3,0,A,N,1,24.0,"Davies, Mr. Alfred J",male,24.0,2,Mr,,0,0
567,7.8958,S,3,0,,N,1,8.0,"Stoytcheff, Mr. Ilia",male,19.0,0,Mr,,0,0
568,21.075,S,3,4,,N,1,21.0,"Palsson, Mrs. Nils (Alma Cornelia Berglund)",female,29.0,0,Mrs,Alma Cornelia Berglund,1,0
569,7.2292,C,3,0,,N,1,7.0,"Doharr, Mr. Tannous",male,,0,Mr,,0,0
570,7.8542,S,3,0,,N,1,8.0,"Jonsson, Mr. Carl",male,32.0,0,Mr,,0,1
571,10.5,S,2,0,S,N,1,11.0,"Harris, Mr. George",male,62.0,0,Mr,,0,1
572,51.4792,S,1,0,,C,1,51.0,"Appleton, Mrs. Edward Dale (Charlotte Lamson)",female,53.0,2,Mrs,Charlotte Lamson,1,1
573,26.3875,S,1,0,PC,E,1,26.0,"Flynn, Mr. John Irwin (""Irving"")",male,36.0,0,Mr,,0,1
574,7.75,Q,3,0,,N,1,8.0,"Kelly, Miss. Mary",female,,0,Miss,,0,1
575,8.05,S,3,0,A,N,1,8.0,"Rush, Mr. Alfred George John",male,16.0,0,Mr,,0,0
576,14.5,S,3,0,,N,1,15.0,"Patchett, Mr. George",male,19.0,0,Mr,,0,0
577,13.0,S,2,0,,N,1,13.0,"Garside, Miss. Ethel",female,34.0,0,Miss,,0,1
578,55.9,S,1,0,,E,1,56.0,"Silvey, Mrs. William Baird (Alice Munger)",female,39.0,1,Mrs,Alice Munger,1,1
579,14.4583,C,3,0,,N,1,14.0,"Caram, Mrs. Joseph (Maria Elias)",female,,1,Mrs,Maria Elias,1,0
580,7.925,S,3,0,STON,N,1,8.0,"Jussila, Mr. Eiriik",male,32.0,0,Mr,,0,1
581,30.0,S,2,1,,N,1,30.0,"Christy, Miss. Julie Rachel",female,25.0,1,Miss,,0,1
582,110.8833,C,1,1,,C,1,111.0,"Thayer, Mrs. John Borland (Marian Longstreth Morris)",female,39.0,1,Mrs,Marian Longstreth Morris,1,1
583,26.0,S,2,0,,N,1,26.0,"Downton, Mr. William James",male,54.0,0,Mr,,0,0
584,40.125,C,1,0,,A,1,40.0,"Ross, Mr. John Hugo",male,36.0,0,Mr,,0,0
585,8.7125,C,3,0,,N,1,9.0,"Paulner, Mr. Uscher",male,,0,Mr,,0,0
586,79.65,S,1,2,,E,1,80.0,"Taussig, Miss. Ruth",female,18.0,0,Miss,,0,1
587,15.0,S,2,0,,N,1,15.0,"Jarvis, Mr. John Denzil",male,47.0,0,Mr,,0,0
588,79.2,C,1,1,,B,1,79.0,"Frolicher-Stehli, Mr. Maxmillian",male,60.0,1,Mr,,0,1
589,8.05,S,3,0,,N,1,8.0,"Gilinski, Mr. Eliezer",male,22.0,0,Mr,,0,0
590,8.05,S,3,0,A,N,1,8.0,"Murdlin, Mr. Joseph",male,,0,Mr,,0,0
591,7.125,S,3,0,STON,N,1,7.0,"Rintamaki, Mr. Matti",male,35.0,0,Mr,,0,0
592,78.2667,C,1,0,,D,1,78.0,"Stephenson, Mrs. Walter Bertram (Martha Eustis)",female,52.0,1,Mrs,Martha Eustis,1,1
593,7.25,S,3,0,A,N,1,7.0,"Elsbury, Mr. William James",male,47.0,0,Mr,,0,0
594,7.75,Q,3,2,,N,1,8.0,"Bourke, Miss. Mary",female,,0,Miss,,0,0
595,26.0,S,2,0,SC,N,1,26.0,"Chapman, Mr. John Henry",male,37.0,1,Mr,,0,0
596,24.15,S,3,1,,N,1,24.0,"Van Impe, Mr. Jean Baptiste",male,36.0,1,Mr,,0,0
597,33.0,S,2,0,,N,1,33.0,"Leitch, Miss. Jessie Wills",female,,0,Miss,,0,1
598,0.0,S,3,0,LINE,N,1,0.0,"Johnson, Mr. Alfred",male,49.0,0,Mr,,0,0
599,7.225,C,3,0,,N,1,7.0,"Boulos, Mr. Hanna",male,,0,Mr,,0,0
600,56.9292,C,1,0,PC,A,1,57.0,"Duff Gordon, Sir. Cosmo Edmund (""Mr Morgan"")",male,49.0,1,Sir,,0,1
601,27.0,S,2,1,,N,1,27.0,"Jacobsohn, Mrs. Sidney Samuel (Amy Frances Christy)",female,24.0,2,Mrs,Amy Frances Christy,1,1
602,7.8958,S,3,0,,N,1,8.0,"Slabenoff, Mr. Petco",male,,0,Mr,,0,0
603,42.4,S,1,0,,N,1,42.0,"Harrington, Mr. Charles H",male,,0,Mr,,0,0
604,8.05,S,3,0,,N,1,8.0,"Torber, Mr. Ernst William",male,44.0,0,Mr,,0,0
605,26.55,C,1,0,,N,1,27.0,"Homer, Mr. Harry (""Mr E Haven"")",male,35.0,0,Mr,,0,1
606,15.55,S,3,0,,N,1,16.0,"Lindell, Mr. Edvard Bengtsson",male,36.0,1,Mr,,0,0
607,7.8958,S,3,0,,N,1,8.0,"Karaic, Mr. Milan",male,30.0,0,Mr,,0,0
608,30.5,S,1,0,,N,1,31.0,"Daniel, Mr. Robert Williams",male,27.0,0,Mr,,0,1
609,41.5792,C,2,2,SC,N,1,42.0,"Laroche, Mrs. Joseph (Juliette Marie Louise Lafargue)",female,22.0,1,Mrs,Juliette Marie Louise Lafargue,1,1
610,153.4625,S,1,0,PC,C,1,153.0,"Shutes, Miss. Elizabeth W",female,40.0,0,Miss,,0,1
611,31.275,S,3,5,,N,1,31.0,"Andersson, Mrs. Anders Johan (Alfrida Konstantia Brogren)",female,39.0,1,Mrs,Alfrida Konstantia Brogren,1,0
612,7.05,S,3,0,SOTON,N,1,7.0,"Jardin, Mr. Jose Neto",male,,0,Mr,,0,0
613,15.5,Q,3,0,,N,1,16.0,"Murphy, Miss. Margaret Jane",female,,1,Miss,,0,1
614,7.75,Q,3,0,,N,1,8.0,"Horgan, Mr. John",male,,0,Mr,,0,0
615,8.05,S,3,0,,N,1,8.0,"Brocklebank, Mr. William Alfred",male,35.0,0,Mr,,0,0
616,65.0,S,2,2,,N,1,65.0,"Herman, Miss. Alice",female,24.0,1,Miss,,0,1
617,14.4,S,3,1,,N,1,14.0,"Danbom, Mr. Ernst Gilbert",male,34.0,1,Mr,,0,0
618,16.1,S,3,0,A,N,1,16.0,"Lobb, Mrs. William Arthur (Cordelia K Stanlick)",female,26.0,1,Mrs,Cordelia K Stanlick,1,0
619,39.0,S,2,1,,F,1,39.0,"Becker, Miss. Marion Louise",female,4.0,2,Miss,,0,1
620,10.5,S,2,0,,N,1,11.0,"Gavey, Mr. Lawrence",male,26.0,0,Mr,,0,0
621,14.4542,C,3,0,,N,1,14.0,"Yasbeck, Mr. Antoni",male,27.0,1,Mr,,0,0
622,52.5542,S,1,0,,D,1,53.0,"Kimball, Mr. Edwin Nelson Jr",male,42.0,1,Mr,,0,1
623,15.7417,C,3,1,,N,1,16.0,"Nakid, Mr. Sahid",male,20.0,1,Mr,,0,1
624,7.8542,S,3,0,,N,1,8.0,"Hansen, Mr. Henry Damsgaard",male,21.0,0,Mr,,0,0
625,16.1,S,3,0,,N,1,16.0,"Bowen, Mr. David John ""Dai""",male,21.0,0,Mr,,0,0
626,32.3208,S,1,0,,D,1,32.0,"Sutton, Mr. Frederick",male,61.0,0,Mr,,0,0
627,12.35,Q,2,0,,N,1,12.0,"Kirkland, Rev. Charles Leonard",male,57.0,0,Rev,,0,0
628,77.9583,S,1,0,,D,1,78.0,"Longley, Miss. Gretchen Fiske",female,21.0,0,Miss,,0,1
629,7.8958,S,3,0,,N,1,8.0,"Bostandyeff, Mr. Guentcho",male,26.0,0,Mr,,0,0
630,7.7333,Q,3,0,,N,1,8.0,"O'Connell, Mr. Patrick D",male,,0,Mr,,0,0
631,30.0,S,1,0,,A,1,30.0,"Barkworth, Mr. Algernon Henry Wilson",male,80.0,0,Mr,,0,1
632,7.0542,S,3,0,,N,1,7.0,"Lundahl, Mr. Johan Svensson",male,51.0,0,Mr,,0,0
633,30.5,C,1,0,,B,1,31.0,"Stahelin-Maeglin, Dr. Max",male,32.0,0,Dr,,0,1
634,0.0,S,1,0,,N,1,0.0,"Parr, Mr. William Henry Marsh",male,,0,Mr,,0,0
635,27.9,S,3,2,,N,1,28.0,"Skoog, Miss. Mabel",female,9.0,3,Miss,,0,0
636,13.0,S,2,0,,N,1,13.0,"Davis, Miss. Mary",female,28.0,0,Miss,,0,1
637,7.925,S,3,0,STON,N,1,8.0,"Leinonen, Mr. Antti Gustaf",male,32.0,0,Mr,,0,0
638,26.25,S,2,1,C,N,1,26.0,"Collyer, Mr. Harvey",male,31.0,1,Mr,,0,0
639,39.6875,S,3,5,,N,1,40.0,"Panula, Mrs. Juha (Maria Emilia Ojala)",female,41.0,0,Mrs,Maria Emilia Ojala,1,0
640,16.1,S,3,0,,N,1,16.0,"Thorneycroft, Mr. Percival",male,,1,Mr,,0,0
641,7.8542,S,3,0,,N,1,8.0,"Jensen, Mr. Hans Peder",male,20.0,0,Mr,,0,0
642,69.3,C,1,0,PC,B,1,69.0,"Sagesser, Mlle. Emma",female,24.0,0,Mlle,,0,1
643,27.9,S,3,2,,N,1,28.0,"Skoog, Miss. Margit Elizabeth",female,2.0,3,Miss,,0,0
644,56.4958,S,3,0,,N,1,56.0,"Foo, Mr. Choong",male,,0,Mr,,0,1
645,19.2583,C,3,1,,N,1,19.0,"Baclini, Miss. Eugenie",female,0.75,2,Miss,,0,1
646,76.7292,C,1,0,PC,D,1,77.0,"Harper, Mr. Henry Sleeper",male,48.0,1,Mr,,0,1
647,7.8958,S,3,0,,N,1,8.0,"Cor, Mr. Liudevit",male,19.0,0,Mr,,0,0
648,35.5,C,1,0,,A,1,36.0,"Simonius-Blumer, Col. Oberst Alfons",male,56.0,0,Col,,0,1
649,7.55,S,3,0,S,N,1,8.0,"Willey, Mr. Edward",male,,0,Mr,,0,0
650,7.55,S,3,0,CA,N,1,8.0,"Stanley, Miss. Amy Zillah Elsie",female,23.0,0,Miss,,0,1
651,7.8958,S,3,0,,N,1,8.0,"Mitkoff, Mr. Mito",male,,0,Mr,,0,0
652,23.0,S,2,1,,N,1,23.0,"Doling, Miss. Elsie",female,18.0,0,Miss,,0,1
653,8.4333,S,3,0,,N,1,8.0,"Kalvik, Mr. Johannes Halvorsen",male,21.0,0,Mr,,0,0
654,7.8292,Q,3,0,,N,1,8.0,"O'Leary, Miss. Hanora ""Norah""",female,,0,Miss,,0,1
655,6.75,Q,3,0,,N,1,7.0,"Hegarty, Miss. Hanora ""Nora""",female,18.0,0,Miss,,0,0
656,73.5,S,2,0,S,N,1,74.0,"Hickman, Mr. Leonard Mark",male,24.0,2,Mr,,0,0
657,7.8958,S,3,0,,N,1,8.0,"Radeff, Mr. Alexander",male,,0,Mr,,0,0
658,15.5,Q,3,1,,N,1,16.0,"Bourke, Mrs. John (Catherine)",female,32.0,1,Mrs,Catherine,1,0
659,13.0,S,2,0,,N,1,13.0,"Eitemiller, Mr. George Floyd",male,23.0,0,Mr,,0,0
660,113.275,C,1,2,,D,1,113.0,"Newell, Mr. Arthur Webster",male,58.0,0,Mr,,0,0
661,133.65,S,1,0,PC,N,1,134.0,"Frauenthal, Dr. Henry William",male,50.0,2,Dr,,0,1
662,7.225,C,3,0,,N,1,7.0,"Badt, Mr. Mohamed",male,40.0,0,Mr,,0,0
663,25.5875,S,1,0,,E,1,26.0,"Colley, Mr. Edward Pomeroy",male,47.0,0,Mr,,0,0
664,7.4958,S,3,0,,N,1,7.0,"Coleff, Mr. Peju",male,36.0,0,Mr,,0,0
665,7.925,S,3,0,STON,N,1,8.0,"Lindqvist, Mr. Eino William",male,20.0,1,Mr,,0,1
666,73.5,S,2,0,S,N,1,74.0,"Hickman, Mr. Lewis",male,32.0,2,Mr,,0,0
